i,
"30050"
"30051"
"30052"
"30053"
"30054"
"30055"
"30056"
"30057"
"30058"
"30059"
"30060"
"30512"
"30513"
"30514"
"30515"
"30516"
"30517"
"30518"
"30519"
"30520"
"30521"
"30522"
"30523"
"30524"
"30525"
"30955"
"30956"
"30959"
"30960"
"30961"
"30962"
"30963"
"30964"
"30965"
"30966"
"30967"
"30968"
"30969"
"30970"
"30971"
"30972"
"30973"
"30974"
"31391"
"31392"
"31393"
"31394"
"31395"
"31396"
"31397"
"31398"
"31399"
"31400"
"31401"
"31402"
"31403"
"31404"
"31405"
"31406"
"31407"
"31408"
"31409"
"31410"
"31411"
"31412"
"31413"
"31414"
"31415"
"31841"
"31842"
"31843"
"31844"
"31845"
"31846"
"31847"
"31848"
"31849"
"31850"
"31851"
"31852"
"31853"
"31854"
"31855"
"31856"
"31857"
"31858"
"31859"
"31860"
"31861"
"31862"
"31863"
"31864"
"31865"
"31866"
"31867"
"31868"
"31869"
"31870"
"32291"
"32292"
"32293"
"32294"
"32295"
"32296"
"32297"
"32298"
"32299"
"32300"
"32301"
"32302"
"32303"
"32304"
"32305"
"32306"
"32307"
"32308"
"32309"
"32310"
"32311"
"32312"
"32313"
"32314"
"32315"
"32316"
"32317"
"32318"
"32319"
"32320"
"32321"
"32322"
"32323"
"32324"
"32325"
"32326"
"32764"
"32765"
"32766"
"32767"
"32768"
"32769"
"32770"
"32771"
"32772"
"32773"
"32774"
"32775"
"32777"
"32778"
"32779"
"32780"
"32781"
"32782"
"32783"
"32784"
"32785"
"32786"
"32787"
"32788"
"32789"
"32790"
"32791"
"32792"
"32793"
"32794"
"32795"
"32796"
"32797"
"32798"
"32799"
"33224"
"33225"
"33226"
"33227"
"33228"
"33229"
"33230"
"33231"
"33232"
"33233"
"33234"
"33235"
"33236"
"33237"
"33238"
"33239"
"33240"
"33241"
"33242"
"33243"
"33244"
"33245"
"33246"
"33247"
"33248"
"33249"
"33250"
"33251"
"33252"
"33253"
"33254"
"33255"
"33256"
"33257"
"33258"
"33259"
"33260"
"33261"
"33262"
"33688"
"33689"
"33690"
"33691"
"33692"
"33693"
"33694"
"33695"
"33696"
"33697"
"33700"
"33701"
"33702"
"33703"
"33704"
"33705"
"33706"
"33707"
"33708"
"33709"
"33710"
"33711"
"33712"
"33713"
"33714"
"33715"
"33716"
"33717"
"33718"
"33719"
"33720"
"33721"
"33722"
"33724"
"33725"
"33726"
"34165"
"34166"
"34167"
"34168"
"34169"
"34170"
"34171"
"34172"
"34173"
"34174"
"34175"
"34176"
"34177"
"34178"
"34179"
"34180"
"34181"
"34182"
"34183"
"34184"
"34185"
"34186"
"34187"
"34188"
"34189"
"34190"
"34191"
"34192"
"34193"
"34194"
"34195"
"34199"
"34200"
"34636"
"34637"
"34638"
"34639"
"34640"
"34641"
"34642"
"34643"
"34644"
"34645"
"34647"
"34648"
"34649"
"34650"
"34651"
"34652"
"34653"
"34654"
"34655"
"34656"
"34657"
"34658"
"34659"
"34660"
"34661"
"34662"
"34663"
"34664"
"34665"
"34666"
"34667"
"34668"
"34669"
"34670"
"34671"
"34673"
"34674"
"34675"
"35080"
"35081"
"35082"
"35084"
"35085"
"35086"
"35087"
"35088"
"35089"
"35091"
"35092"
"35093"
"35094"
"35095"
"35096"
"35097"
"35098"
"35099"
"35100"
"35101"
"35102"
"35103"
"35104"
"35105"
"35106"
"35107"
"35108"
"35109"
"35110"
"35111"
"35112"
"35113"
"35114"
"35115"
"35116"
"35117"
"35118"
"35120"
"35121"
"35122"
"35523"
"35524"
"35527"
"35528"
"35529"
"35530"
"35531"
"35532"
"35533"
"35534"
"35536"
"35537"
"35538"
"35539"
"35540"
"35541"
"35542"
"35543"
"35544"
"35545"
"35546"
"35547"
"35548"
"35549"
"35550"
"35551"
"35552"
"35553"
"35554"
"35555"
"35556"
"35557"
"35558"
"35559"
"35560"
"35561"
"35562"
"35563"
"35565"
"35566"
"35948"
"35949"
"35950"
"35954"
"35955"
"35956"
"35957"
"35958"
"35959"
"35961"
"35963"
"35964"
"35965"
"35966"
"35967"
"35968"
"35969"
"35970"
"35971"
"35972"
"35973"
"35974"
"35975"
"35976"
"35977"
"35978"
"35979"
"35980"
"35981"
"35982"
"35983"
"35984"
"35985"
"35986"
"35987"
"35988"
"35989"
"35990"
"35991"
"35992"
"35993"
"35994"
"35995"
"35996"
"35997"
"35999"
"36000"
"36001"
"36379"
"36380"
"36381"
"36383"
"36384"
"36385"
"36386"
"36387"
"36388"
"36389"
"36390"
"36391"
"36392"
"36393"
"36394"
"36395"
"36396"
"36397"
"36398"
"36399"
"36400"
"36401"
"36402"
"36403"
"36404"
"36405"
"36406"
"36407"
"36408"
"36409"
"36410"
"36411"
"36412"
"36413"
"36414"
"36415"
"36416"
"36417"
"36418"
"36419"
"36420"
"36421"
"36422"
"36423"
"36424"
"36425"
"36426"
"36427"
"36428"
"36429"
"36430"
"36433"
"36434"
"36816"
"36817"
"36819"
"36822"
"36823"
"36824"
"36825"
"36826"
"36827"
"36829"
"36831"
"36832"
"36833"
"36834"
"36835"
"36836"
"36837"
"36838"
"36839"
"36840"
"36841"
"36842"
"36843"
"36844"
"36845"
"36846"
"36847"
"36848"
"36850"
"36851"
"36852"
"36853"
"36854"
"36855"
"36856"
"36857"
"36858"
"36859"
"36860"
"36861"
"36862"
"36863"
"36864"
"36865"
"36866"
"36867"
"37245"
"37246"
"37247"
"37248"
"37249"
"37250"
"37251"
"37252"
"37253"
"37254"
"37255"
"37258"
"37259"
"37260"
"37261"
"37262"
"37263"
"37264"
"37265"
"37266"
"37267"
"37268"
"37269"
"37270"
"37271"
"37272"
"37273"
"37274"
"37275"
"37276"
"37277"
"37278"
"37280"
"37281"
"37282"
"37283"
"37284"
"37285"
"37286"
"37287"
"37288"
"37289"
"37290"
"37291"
"37292"
"37293"
"37294"
"37295"
"37296"
"37297"
"37701"
"37703"
"37704"
"37705"
"37706"
"37707"
"37709"
"37710"
"37711"
"37713"
"37714"
"37715"
"37716"
"37717"
"37718"
"37719"
"37720"
"37721"
"37722"
"37723"
"37724"
"37725"
"37726"
"37727"
"37728"
"37729"
"37730"
"37731"
"37732"
"37733"
"37734"
"37735"
"37736"
"37738"
"37739"
"37740"
"37741"
"37742"
"37743"
"37744"
"37745"
"37746"
"37747"
"37748"
"37749"
"37750"
"37751"
"37752"
"37753"
"37754"
"37755"
"37756"
"37757"
"38191"
"38194"
"38195"
"38196"
"38198"
"38202"
"38203"
"38204"
"38205"
"38206"
"38207"
"38208"
"38209"
"38210"
"38211"
"38212"
"38213"
"38214"
"38215"
"38216"
"38217"
"38218"
"38219"
"38220"
"38221"
"38222"
"38223"
"38224"
"38225"
"38228"
"38229"
"38230"
"38231"
"38232"
"38233"
"38234"
"38235"
"38236"
"38237"
"38238"
"38239"
"38240"
"38241"
"38242"
"38243"
"38244"
"38245"
"38246"
"38247"
"38248"
"38250"
"38674"
"38675"
"38677"
"38678"
"38679"
"38680"
"38681"
"38684"
"38685"
"38686"
"38687"
"38688"
"38689"
"38690"
"38691"
"38692"
"38693"
"38694"
"38695"
"38696"
"38697"
"38698"
"38699"
"38700"
"38701"
"38702"
"38703"
"38704"
"38705"
"38706"
"38708"
"38709"
"38711"
"38712"
"38713"
"38714"
"38715"
"38716"
"38717"
"38718"
"38719"
"38720"
"38721"
"38722"
"38723"
"38724"
"38725"
"38726"
"38727"
"38728"
"38729"
"38730"
"38731"
"39154"
"39157"
"39158"
"39159"
"39160"
"39161"
"39163"
"39165"
"39166"
"39167"
"39168"
"39169"
"39170"
"39171"
"39172"
"39173"
"39174"
"39175"
"39176"
"39177"
"39178"
"39179"
"39180"
"39181"
"39182"
"39183"
"39184"
"39185"
"39187"
"39188"
"39189"
"39190"
"39191"
"39192"
"39193"
"39194"
"39195"
"39196"
"39197"
"39198"
"39199"
"39200"
"39201"
"39202"
"39203"
"39204"
"39205"
"39206"
"39207"
"39208"
"39209"
"39608"
"39612"
"39613"
"39614"
"39615"
"39616"
"39619"
"39621"
"39622"
"39623"
"39624"
"39625"
"39626"
"39627"
"39628"
"39629"
"39630"
"39631"
"39632"
"39633"
"39634"
"39635"
"39636"
"39637"
"39638"
"39639"
"39640"
"39641"
"39642"
"39643"
"39644"
"39645"
"39646"
"39647"
"39648"
"39650"
"39651"
"39653"
"39654"
"39655"
"39656"
"39657"
"39659"
"39660"
"39661"
"39662"
"39663"
"39664"
"39665"
"39666"
"39667"
"39668"
"39669"
"39670"
"39671"
"39672"
"39673"
"39674"
"39675"
"39676"
"39677"
"39678"
"39679"
"39680"
"40060"
"40063"
"40064"
"40065"
"40066"
"40067"
"40070"
"40071"
"40072"
"40073"
"40074"
"40075"
"40076"
"40077"
"40078"
"40079"
"40080"
"40081"
"40082"
"40083"
"40084"
"40085"
"40086"
"40087"
"40088"
"40089"
"40090"
"40091"
"40092"
"40093"
"40094"
"40095"
"40096"
"40097"
"40098"
"40099"
"40101"
"40103"
"40106"
"40107"
"40108"
"40109"
"40110"
"40111"
"40112"
"40113"
"40114"
"40115"
"40116"
"40117"
"40118"
"40119"
"40120"
"40121"
"40122"
"40123"
"40124"
"40125"
"40126"
"40127"
"40128"
"40129"
"40130"
"40131"
"40132"
"40133"
"40134"
"40135"
"40136"
"40137"
"40138"
"40533"
"40534"
"40535"
"40537"
"40538"
"40539"
"40540"
"40541"
"40544"
"40545"
"40546"
"40547"
"40548"
"40549"
"40550"
"40551"
"40552"
"40553"
"40554"
"40555"
"40556"
"40557"
"40558"
"40559"
"40560"
"40561"
"40562"
"40563"
"40564"
"40565"
"40566"
"40567"
"40568"
"40569"
"40570"
"40571"
"40573"
"40574"
"40575"
"40579"
"40580"
"40582"
"40583"
"40585"
"40586"
"40587"
"40588"
"40589"
"40590"
"40591"
"40592"
"40593"
"40594"
"40595"
"40596"
"40598"
"40599"
"40600"
"40601"
"40604"
"40605"
"40606"
"40607"
"40608"
"40609"
"40610"
"40611"
"40612"
"40613"
"40614"
"40615"
"40998"
"41000"
"41002"
"41004"
"41005"
"41007"
"41008"
"41009"
"41010"
"41012"
"41013"
"41014"
"41015"
"41016"
"41017"
"41018"
"41019"
"41020"
"41021"
"41022"
"41023"
"41024"
"41025"
"41026"
"41027"
"41028"
"41029"
"41030"
"41031"
"41032"
"41033"
"41034"
"41035"
"41036"
"41037"
"41038"
"41039"
"41041"
"41042"
"41043"
"41044"
"41045"
"41047"
"41048"
"41049"
"41050"
"41051"
"41052"
"41053"
"41054"
"41055"
"41056"
"41057"
"41058"
"41059"
"41060"
"41061"
"41063"
"41064"
"41065"
"41066"
"41067"
"41068"
"41069"
"41070"
"41071"
"41468"
"41469"
"41470"
"41471"
"41474"
"41475"
"41477"
"41478"
"41480"
"41481"
"41482"
"41483"
"41484"
"41485"
"41486"
"41487"
"41488"
"41489"
"41490"
"41491"
"41492"
"41493"
"41494"
"41495"
"41496"
"41497"
"41498"
"41499"
"41500"
"41501"
"41502"
"41503"
"41504"
"41505"
"41506"
"41507"
"41508"
"41509"
"41510"
"41511"
"41512"
"41513"
"41515"
"41518"
"41520"
"41521"
"41522"
"41523"
"41524"
"41525"
"41526"
"41527"
"41528"
"41529"
"41530"
"41531"
"41533"
"41535"
"41537"
"41538"
"41539"
"41540"
"41541"
"41542"
"41543"
"41544"
"41545"
"41546"
"41949"
"41952"
"41953"
"41954"
"41955"
"41957"
"41959"
"41961"
"41962"
"41963"
"41964"
"41965"
"41966"
"41967"
"41968"
"41969"
"41970"
"41971"
"41972"
"41973"
"41974"
"41975"
"41976"
"41977"
"41978"
"41979"
"41980"
"41981"
"41982"
"41983"
"41984"
"41985"
"41986"
"41987"
"41988"
"41989"
"41990"
"41991"
"41992"
"41993"
"41994"
"41995"
"41996"
"41997"
"41998"
"41999"
"42000"
"42001"
"42002"
"42003"
"42004"
"42006"
"42007"
"42008"
"42009"
"42010"
"42011"
"42012"
"42013"
"42014"
"42015"
"42016"
"42017"
"42019"
"42020"
"42021"
"42022"
"42023"
"42024"
"42424"
"42425"
"42427"
"42428"
"42429"
"42431"
"42432"
"42434"
"42435"
"42437"
"42438"
"42439"
"42440"
"42441"
"42442"
"42443"
"42444"
"42445"
"42446"
"42447"
"42448"
"42449"
"42450"
"42451"
"42452"
"42453"
"42454"
"42455"
"42456"
"42457"
"42458"
"42459"
"42460"
"42461"
"42462"
"42463"
"42464"
"42465"
"42466"
"42467"
"42468"
"42469"
"42470"
"42471"
"42472"
"42473"
"42475"
"42478"
"42479"
"42480"
"42481"
"42483"
"42484"
"42485"
"42486"
"42487"
"42488"
"42489"
"42490"
"42491"
"42493"
"42494"
"42495"
"42497"
"42498"
"42909"
"42910"
"42911"
"42913"
"42914"
"42915"
"42916"
"42918"
"42919"
"42920"
"42921"
"42922"
"42923"
"42924"
"42926"
"42927"
"42928"
"42929"
"42930"
"42931"
"42932"
"42933"
"42934"
"42935"
"42936"
"42937"
"42938"
"42939"
"42940"
"42941"
"42942"
"42943"
"42944"
"42945"
"42946"
"42947"
"42948"
"42949"
"42950"
"42951"
"42952"
"42953"
"42954"
"42955"
"42956"
"42957"
"42958"
"42959"
"42960"
"42961"
"42962"
"42963"
"42964"
"42965"
"42966"
"42967"
"42968"
"42969"
"42970"
"42971"
"42973"
"42974"
"42975"
"42976"
"42977"
"42978"
"42979"
"42980"
"42981"
"42984"
"42985"
"42986"
"42989"
"42990"
"43398"
"43399"
"43402"
"43404"
"43405"
"43406"
"43407"
"43409"
"43410"
"43411"
"43412"
"43414"
"43415"
"43417"
"43418"
"43419"
"43420"
"43421"
"43422"
"43423"
"43424"
"43425"
"43426"
"43427"
"43428"
"43429"
"43430"
"43431"
"43432"
"43433"
"43434"
"43435"
"43436"
"43437"
"43438"
"43439"
"43440"
"43441"
"43442"
"43443"
"43444"
"43445"
"43446"
"43447"
"43448"
"43449"
"43450"
"43451"
"43452"
"43453"
"43454"
"43455"
"43456"
"43457"
"43458"
"43459"
"43460"
"43461"
"43462"
"43463"
"43464"
"43465"
"43467"
"43468"
"43469"
"43470"
"43471"
"43472"
"43473"
"43474"
"43475"
"43476"
"43477"
"43478"
"43479"
"43480"
"43483"
"43931"
"43932"
"43934"
"43936"
"43937"
"43938"
"43939"
"43940"
"43941"
"43943"
"43944"
"43945"
"43946"
"43947"
"43948"
"43949"
"43950"
"43951"
"43952"
"43953"
"43954"
"43955"
"43956"
"43957"
"43958"
"43959"
"43960"
"43961"
"43962"
"43963"
"43964"
"43965"
"43966"
"43967"
"43968"
"43969"
"43970"
"43971"
"43972"
"43973"
"43974"
"43975"
"43976"
"43977"
"43978"
"43979"
"43980"
"43981"
"43982"
"43983"
"43984"
"43986"
"43988"
"43989"
"43990"
"43991"
"43992"
"43993"
"43994"
"43995"
"43996"
"43997"
"43998"
"43999"
"44000"
"44001"
"44002"
"44003"
"44004"
"44005"
"44006"
"44007"
"44008"
"44009"
"44010"
"44011"
"44012"
"44013"
"44463"
"44464"
"44466"
"44468"
"44469"
"44470"
"44471"
"44472"
"44474"
"44475"
"44476"
"44477"
"44479"
"44480"
"44481"
"44482"
"44483"
"44484"
"44485"
"44486"
"44487"
"44488"
"44489"
"44490"
"44491"
"44492"
"44493"
"44494"
"44495"
"44496"
"44497"
"44498"
"44499"
"44500"
"44501"
"44502"
"44503"
"44504"
"44505"
"44506"
"44507"
"44508"
"44509"
"44510"
"44511"
"44512"
"44513"
"44514"
"44515"
"44516"
"44517"
"44518"
"44519"
"44520"
"44521"
"44522"
"44523"
"44524"
"44525"
"44526"
"44527"
"44528"
"44529"
"44530"
"44531"
"44532"
"44533"
"44534"
"44535"
"44536"
"44537"
"44538"
"44539"
"44541"
"44542"
"44543"
"44544"
"44545"
"44546"
"44547"
"44548"
"44549"
"45024"
"45025"
"45027"
"45028"
"45029"
"45030"
"45031"
"45032"
"45033"
"45035"
"45037"
"45038"
"45039"
"45040"
"45041"
"45042"
"45043"
"45044"
"45046"
"45048"
"45049"
"45050"
"45051"
"45052"
"45053"
"45054"
"45055"
"45056"
"45057"
"45058"
"45059"
"45060"
"45061"
"45062"
"45063"
"45064"
"45065"
"45066"
"45067"
"45068"
"45069"
"45070"
"45071"
"45072"
"45073"
"45074"
"45075"
"45076"
"45077"
"45078"
"45079"
"45080"
"45081"
"45082"
"45083"
"45084"
"45085"
"45086"
"45087"
"45088"
"45089"
"45090"
"45091"
"45092"
"45093"
"45094"
"45095"
"45096"
"45097"
"45098"
"45099"
"45100"
"45101"
"45103"
"45104"
"45105"
"45106"
"45107"
"45108"
"45109"
"45110"
"45111"
"45112"
"45113"
"45114"
"45115"
"45116"
"45117"
"45118"
"45579"
"45580"
"45583"
"45584"
"45585"
"45586"
"45587"
"45588"
"45589"
"45590"
"45591"
"45592"
"45593"
"45594"
"45595"
"45596"
"45597"
"45598"
"45599"
"45602"
"45604"
"45605"
"45606"
"45607"
"45609"
"45610"
"45611"
"45612"
"45613"
"45614"
"45615"
"45616"
"45617"
"45618"
"45619"
"45620"
"45621"
"45622"
"45623"
"45624"
"45625"
"45626"
"45627"
"45628"
"45629"
"45630"
"45631"
"45632"
"45633"
"45634"
"45636"
"45637"
"45638"
"45639"
"45640"
"45641"
"45642"
"45643"
"45644"
"45645"
"45646"
"45647"
"45648"
"45649"
"45650"
"45651"
"45652"
"45653"
"45654"
"45655"
"45656"
"45657"
"45658"
"45659"
"45660"
"45661"
"45662"
"45663"
"45664"
"45665"
"45666"
"45667"
"46119"
"46122"
"46124"
"46125"
"46126"
"46127"
"46128"
"46129"
"46130"
"46131"
"46132"
"46133"
"46134"
"46136"
"46140"
"46141"
"46142"
"46143"
"46144"
"46145"
"46146"
"46147"
"46148"
"46149"
"46150"
"46151"
"46152"
"46153"
"46154"
"46155"
"46156"
"46157"
"46158"
"46159"
"46160"
"46161"
"46162"
"46163"
"46164"
"46166"
"46168"
"46169"
"46170"
"46171"
"46172"
"46173"
"46174"
"46175"
"46176"
"46177"
"46178"
"46179"
"46180"
"46181"
"46182"
"46183"
"46184"
"46185"
"46186"
"46188"
"46189"
"46190"
"46191"
"46192"
"46193"
"46194"
"46195"
"46196"
"46197"
"46198"
"46644"
"46645"
"46646"
"46647"
"46648"
"46649"
"46650"
"46652"
"46654"
"46655"
"46656"
"46657"
"46660"
"46661"
"46662"
"46663"
"46664"
"46665"
"46666"
"46667"
"46668"
"46669"
"46670"
"46671"
"46672"
"46673"
"46674"
"46675"
"46676"
"46677"
"46678"
"46682"
"46683"
"46684"
"46685"
"46687"
"46689"
"46690"
"46691"
"46692"
"46693"
"46694"
"46695"
"46696"
"46697"
"46698"
"46699"
"46700"
"46701"
"46702"
"46703"
"46704"
"46705"
"46706"
"46708"
"46709"
"46710"
"46711"
"46712"
"46713"
"46714"
"46715"
"46716"
"46717"
"46718"
"46719"
"46720"
"46721"
"47186"
"47187"
"47188"
"47189"
"47190"
"47191"
"47192"
"47193"
"47194"
"47195"
"47196"
"47198"
"47199"
"47200"
"47201"
"47202"
"47203"
"47205"
"47206"
"47207"
"47208"
"47209"
"47210"
"47211"
"47212"
"47213"
"47214"
"47215"
"47216"
"47217"
"47218"
"47219"
"47220"
"47221"
"47223"
"47224"
"47225"
"47226"
"47230"
"47231"
"47232"
"47233"
"47234"
"47235"
"47236"
"47237"
"47238"
"47239"
"47241"
"47242"
"47243"
"47244"
"47245"
"47246"
"47247"
"47248"
"47249"
"47251"
"47252"
"47253"
"47254"
"47255"
"47256"
"47257"
"47258"
"47259"
"47260"
"47261"
"47262"
"47263"
"47264"
"47265"
"47266"
"47267"
"47268"
"47733"
"47734"
"47735"
"47736"
"47737"
"47738"
"47739"
"47740"
"47741"
"47742"
"47744"
"47745"
"47746"
"47747"
"47748"
"47749"
"47750"
"47751"
"47754"
"47755"
"47756"
"47757"
"47758"
"47759"
"47760"
"47761"
"47762"
"47763"
"47764"
"47765"
"47766"
"47767"
"47768"
"47769"
"47770"
"47771"
"47773"
"47774"
"47775"
"47777"
"47778"
"47779"
"47780"
"47781"
"47782"
"47783"
"47784"
"47785"
"47786"
"47787"
"47788"
"47789"
"47790"
"47793"
"47794"
"47795"
"47796"
"47798"
"47799"
"47800"
"47801"
"47802"
"47803"
"47804"
"47805"
"47806"
"47807"
"47808"
"47809"
"47810"
"47811"
"47812"
"47813"
"47814"
"47815"
"47816"
"47817"
"48286"
"48287"
"48288"
"48289"
"48290"
"48291"
"48292"
"48293"
"48294"
"48295"
"48296"
"48297"
"48298"
"48300"
"48301"
"48302"
"48303"
"48304"
"48305"
"48306"
"48307"
"48308"
"48309"
"48311"
"48312"
"48313"
"48314"
"48315"
"48316"
"48317"
"48318"
"48319"
"48320"
"48321"
"48322"
"48323"
"48324"
"48325"
"48326"
"48327"
"48328"
"48330"
"48332"
"48333"
"48336"
"48338"
"48339"
"48340"
"48341"
"48342"
"48343"
"48344"
"48345"
"48346"
"48347"
"48348"
"48349"
"48350"
"48351"
"48353"
"48354"
"48355"
"48356"
"48357"
"48358"
"48359"
"48360"
"48361"
"48362"
"48363"
"48364"
"48365"
"48366"
"48367"
"48368"
"48369"
"48370"
"48371"
"48372"
"48373"
"48374"
"48375"
"48850"
"48851"
"48852"
"48853"
"48854"
"48855"
"48856"
"48857"
"48858"
"48859"
"48860"
"48861"
"48862"
"48864"
"48865"
"48866"
"48867"
"48868"
"48870"
"48871"
"48872"
"48873"
"48874"
"48875"
"48876"
"48877"
"48878"
"48879"
"48880"
"48881"
"48882"
"48883"
"48884"
"48885"
"48886"
"48887"
"48889"
"48890"
"48891"
"48894"
"48896"
"48897"
"48898"
"48899"
"48900"
"48901"
"48902"
"48903"
"48904"
"48905"
"48906"
"48907"
"48908"
"48909"
"48910"
"48911"
"48912"
"48913"
"48914"
"48916"
"48917"
"48918"
"48919"
"48921"
"48922"
"48923"
"48924"
"48925"
"48926"
"48927"
"48928"
"48929"
"48930"
"48931"
"48932"
"48933"
"48934"
"49411"
"49412"
"49413"
"49415"
"49416"
"49417"
"49418"
"49421"
"49422"
"49423"
"49424"
"49426"
"49427"
"49428"
"49429"
"49430"
"49431"
"49432"
"49433"
"49434"
"49435"
"49436"
"49437"
"49438"
"49439"
"49440"
"49441"
"49442"
"49443"
"49444"
"49445"
"49446"
"49449"
"49450"
"49451"
"49452"
"49453"
"49454"
"49455"
"49456"
"49458"
"49459"
"49460"
"49461"
"49463"
"49464"
"49465"
"49470"
"49472"
"49473"
"49474"
"49475"
"49476"
"49477"
"49478"
"49479"
"49480"
"49481"
"49482"
"49483"
"49484"
"49485"
"49486"
"49487"
"49488"
"49966"
"49967"
"49968"
"49969"
"49970"
"49971"
"49973"
"49974"
"49975"
"49977"
"49978"
"49979"
"49981"
"49982"
"49983"
"49984"
"49985"
"49986"
"49987"
"49988"
"49989"
"49990"
"49991"
"49992"
"49993"
"49994"
"49995"
"49996"
"49997"
"50000"
"50001"
"50002"
"50003"
"50004"
"50005"
"50008"
"50009"
"50010"
"50011"
"50013"
"50015"
"50016"
"50017"
"50018"
"50019"
"50020"
"50021"
"50022"
"50023"
"50024"
"50025"
"50026"
"50027"
"50028"
"50029"
"50030"
"50031"
"50510"
"50512"
"50513"
"50514"
"50518"
"50519"
"50520"
"50521"
"50522"
"50523"
"50524"
"50525"
"50526"
"50527"
"50528"
"50529"
"50530"
"50531"
"50532"
"50533"
"50534"
"50535"
"50536"
"50538"
"50539"
"50540"
"50541"
"50542"
"50543"
"50544"
"50545"
"50546"
"50548"
"50549"
"50550"
"50551"
"50552"
"50553"
"50554"
"50555"
"50556"
"50557"
"50558"
"50559"
"50560"
"50561"
"50562"
"50563"
"50564"
"50565"
"50566"
"50567"
"50568"
"50569"
"50570"
"51039"
"51042"
"51043"
"51044"
"51045"
"51046"
"51047"
"51048"
"51049"
"51050"
"51051"
"51052"
"51053"
"51054"
"51055"
"51056"
"51057"
"51058"
"51059"
"51060"
"51062"
"51063"
"51064"
"51065"
"51066"
"51067"
"51068"
"51069"
"51070"
"51071"
"51072"
"51073"
"51074"
"51076"
"51077"
"51078"
"51079"
"51080"
"51081"
"51082"
"51083"
"51084"
"51085"
"51086"
"51087"
"51088"
"51089"
"51090"
"51091"
"51092"
"51093"
"51094"
"51095"
"51096"
"51555"
"51556"
"51557"
"51558"
"51559"
"51560"
"51561"
"51562"
"51563"
"51564"
"51565"
"51566"
"51567"
"51568"
"51569"
"51570"
"51571"
"51572"
"51573"
"51574"
"51575"
"51576"
"51578"
"51579"
"51580"
"51581"
"51582"
"51583"
"51584"
"51585"
"51586"
"51587"
"51588"
"51590"
"51592"
"51593"
"51594"
"51595"
"51596"
"51597"
"51598"
"51599"
"51600"
"51601"
"51602"
"51603"
"51604"
"51605"
"51606"
"51607"
"51608"
"51609"
"51610"
"51611"
"51612"
"51613"
"51614"
"51615"
"51616"
"52070"
"52071"
"52072"
"52074"
"52075"
"52076"
"52077"
"52078"
"52079"
"52080"
"52081"
"52082"
"52083"
"52084"
"52085"
"52086"
"52087"
"52088"
"52089"
"52090"
"52091"
"52092"
"52093"
"52094"
"52095"
"52096"
"52098"
"52099"
"52100"
"52101"
"52102"
"52103"
"52104"
"52105"
"52106"
"52107"
"52108"
"52109"
"52110"
"52111"
"52112"
"52113"
"52114"
"52115"
"52116"
"52117"
"52118"
"52119"
"52120"
"52121"
"52122"
"52123"
"52124"
"52125"
"52126"
"52127"
"52128"
"52129"
"52130"
"52131"
"52132"
"52133"
"52134"
"52135"
"52136"
"52137"
"52138"
"52593"
"52594"
"52595"
"52596"
"52597"
"52598"
"52599"
"52600"
"52601"
"52602"
"52603"
"52604"
"52605"
"52606"
"52607"
"52608"
"52609"
"52610"
"52611"
"52612"
"52613"
"52614"
"52615"
"52616"
"52618"
"52619"
"52620"
"52621"
"52622"
"52623"
"52624"
"52625"
"52626"
"52627"
"52628"
"52629"
"52631"
"52632"
"52633"
"52634"
"52635"
"52636"
"52637"
"52638"
"52639"
"52640"
"52641"
"52642"
"52643"
"52644"
"52645"
"52646"
"52647"
"52648"
"52649"
"52650"
"52651"
"52652"
"52653"
"52654"
"52655"
"52656"
"53110"
"53111"
"53112"
"53113"
"53114"
"53115"
"53117"
"53118"
"53119"
"53120"
"53121"
"53122"
"53123"
"53124"
"53125"
"53126"
"53127"
"53128"
"53129"
"53130"
"53131"
"53132"
"53133"
"53135"
"53136"
"53137"
"53138"
"53139"
"53140"
"53141"
"53142"
"53143"
"53144"
"53145"
"53146"
"53147"
"53148"
"53149"
"53151"
"53152"
"53153"
"53154"
"53155"
"53156"
"53157"
"53158"
"53159"
"53160"
"53161"
"53162"
"53163"
"53164"
"53165"
"53166"
"53167"
"53168"
"53169"
"53170"
"53171"
"53172"
"53173"
"53174"
"53622"
"53623"
"53624"
"53626"
"53627"
"53628"
"53630"
"53631"
"53632"
"53633"
"53634"
"53635"
"53636"
"53637"
"53638"
"53639"
"53640"
"53641"
"53642"
"53643"
"53644"
"53645"
"53646"
"53647"
"53648"
"53649"
"53650"
"53651"
"53652"
"53653"
"53654"
"53655"
"53656"
"53657"
"53658"
"53659"
"53660"
"53661"
"53662"
"53663"
"53664"
"53665"
"53666"
"53667"
"53668"
"53669"
"53670"
"53672"
"53673"
"53674"
"53675"
"53676"
"53677"
"53678"
"53679"
"53680"
"53681"
"53682"
"53683"
"53684"
"53685"
"53686"
"53687"
"53688"
"53689"
"53690"
"53691"
"53692"
"53693"
"53694"
"54150"
"54151"
"54152"
"54154"
"54155"
"54156"
"54157"
"54158"
"54159"
"54160"
"54161"
"54162"
"54163"
"54164"
"54165"
"54166"
"54167"
"54168"
"54169"
"54170"
"54171"
"54172"
"54173"
"54174"
"54175"
"54176"
"54177"
"54178"
"54179"
"54180"
"54181"
"54182"
"54183"
"54184"
"54185"
"54186"
"54187"
"54189"
"54190"
"54191"
"54192"
"54193"
"54194"
"54195"
"54196"
"54197"
"54198"
"54199"
"54200"
"54201"
"54202"
"54203"
"54204"
"54205"
"54206"
"54207"
"54208"
"54209"
"54210"
"54211"
"54212"
"54213"
"54214"
"54215"
"54216"
"54217"
"54218"
"54219"
"54220"
"54221"
"54222"
"54223"
"54224"
"54225"
"54226"
"54227"
"54228"
"54229"
"54230"
"54231"
"54232"
"54233"
"54234"
"54235"
"54699"
"54700"
"54701"
"54705"
"54707"
"54709"
"54710"
"54711"
"54712"
"54713"
"54714"
"54715"
"54717"
"54718"
"54719"
"54720"
"54721"
"54722"
"54723"
"54724"
"54725"
"54726"
"54727"
"54728"
"54729"
"54730"
"54731"
"54732"
"54733"
"54734"
"54735"
"54736"
"54737"
"54738"
"54739"
"54740"
"54741"
"54742"
"54743"
"54744"
"54745"
"54747"
"54748"
"54749"
"54750"
"54751"
"54752"
"54753"
"54754"
"54755"
"54756"
"54757"
"54758"
"54759"
"54760"
"54761"
"54762"
"54763"
"54764"
"54765"
"54766"
"54767"
"54768"
"54769"
"54770"
"54771"
"54772"
"54773"
"54774"
"54775"
"54776"
"54777"
"54778"
"54779"
"54780"
"54781"
"54782"
"54783"
"54784"
"54785"
"54786"
"54787"
"54788"
"54789"
"55258"
"55259"
"55261"
"55262"
"55263"
"55264"
"55266"
"55267"
"55268"
"55269"
"55270"
"55271"
"55272"
"55273"
"55274"
"55275"
"55276"
"55277"
"55278"
"55279"
"55280"
"55281"
"55282"
"55283"
"55284"
"55285"
"55286"
"55287"
"55288"
"55289"
"55290"
"55291"
"55292"
"55293"
"55294"
"55295"
"55296"
"55297"
"55298"
"55300"
"55302"
"55303"
"55304"
"55306"
"55308"
"55309"
"55310"
"55311"
"55312"
"55313"
"55314"
"55315"
"55316"
"55317"
"55318"
"55319"
"55320"
"55321"
"55322"
"55323"
"55324"
"55325"
"55326"
"55327"
"55328"
"55329"
"55330"
"55331"
"55332"
"55333"
"55334"
"55335"
"55336"
"55337"
"55338"
"55339"
"55340"
"55341"
"55342"
"55343"
"55344"
"55345"
"55346"
"55347"
"55348"
"55349"
"55350"
"55351"
"55808"
"55810"
"55812"
"55814"
"55817"
"55818"
"55819"
"55820"
"55821"
"55822"
"55823"
"55824"
"55825"
"55826"
"55827"
"55828"
"55829"
"55830"
"55831"
"55832"
"55833"
"55834"
"55835"
"55836"
"55837"
"55838"
"55839"
"55840"
"55841"
"55842"
"55843"
"55844"
"55845"
"55846"
"55847"
"55848"
"55849"
"55850"
"55851"
"55852"
"55853"
"55854"
"55855"
"55856"
"55857"
"55858"
"55860"
"55861"
"55862"
"55863"
"55864"
"55865"
"55866"
"55867"
"55868"
"55869"
"55870"
"55871"
"55872"
"55873"
"55874"
"55875"
"55876"
"55877"
"55878"
"55879"
"55880"
"55881"
"55882"
"55883"
"55884"
"55886"
"55887"
"55888"
"55889"
"55890"
"55891"
"55892"
"55893"
"55894"
"55895"
"55896"
"55897"
"55898"
"55899"
"55900"
"55901"
"55902"
"55903"
"55904"
"55905"
"55906"
"55907"
"55908"
"55909"
"56352"
"56353"
"56357"
"56358"
"56359"
"56360"
"56361"
"56362"
"56363"
"56364"
"56365"
"56366"
"56367"
"56368"
"56369"
"56370"
"56371"
"56372"
"56373"
"56374"
"56375"
"56376"
"56377"
"56378"
"56379"
"56380"
"56381"
"56382"
"56383"
"56384"
"56385"
"56386"
"56387"
"56388"
"56389"
"56391"
"56395"
"56396"
"56399"
"56400"
"56401"
"56402"
"56403"
"56404"
"56405"
"56406"
"56407"
"56408"
"56409"
"56410"
"56411"
"56412"
"56413"
"56414"
"56415"
"56416"
"56417"
"56418"
"56419"
"56420"
"56421"
"56424"
"56425"
"56426"
"56429"
"56430"
"56431"
"56432"
"56433"
"56434"
"56435"
"56436"
"56437"
"56438"
"56439"
"56440"
"56441"
"56442"
"56443"
"56444"
"56445"
"56446"
"56447"
"56448"
"56449"
"56450"
"56451"
"56452"
"56453"
"56895"
"56896"
"56897"
"56898"
"56899"
"56900"
"56901"
"56902"
"56903"
"56904"
"56905"
"56906"
"56907"
"56908"
"56909"
"56910"
"56911"
"56912"
"56913"
"56914"
"56915"
"56916"
"56917"
"56918"
"56919"
"56920"
"56921"
"56922"
"56923"
"56924"
"56925"
"56926"
"56927"
"56928"
"56929"
"56931"
"56932"
"56935"
"56936"
"56937"
"56938"
"56939"
"56940"
"56941"
"56942"
"56943"
"56944"
"56945"
"56946"
"56947"
"56948"
"56949"
"56950"
"56952"
"56953"
"56954"
"56955"
"56956"
"56957"
"56958"
"56959"
"56960"
"56961"
"56962"
"56963"
"56964"
"56965"
"56966"
"56967"
"56968"
"56969"
"56970"
"56971"
"56972"
"56973"
"56974"
"56975"
"56976"
"56977"
"56978"
"56979"
"56980"
"56981"
"56982"
"56983"
"56984"
"56985"
"56986"
"56987"
"56988"
"57419"
"57420"
"57421"
"57422"
"57423"
"57424"
"57425"
"57426"
"57427"
"57428"
"57429"
"57430"
"57431"
"57432"
"57433"
"57434"
"57435"
"57436"
"57437"
"57438"
"57439"
"57440"
"57441"
"57442"
"57443"
"57444"
"57445"
"57446"
"57447"
"57448"
"57449"
"57450"
"57451"
"57452"
"57453"
"57454"
"57455"
"57456"
"57458"
"57459"
"57460"
"57462"
"57463"
"57464"
"57465"
"57466"
"57467"
"57468"
"57469"
"57470"
"57471"
"57472"
"57473"
"57474"
"57475"
"57476"
"57477"
"57478"
"57479"
"57480"
"57481"
"57482"
"57483"
"57485"
"57486"
"57487"
"57488"
"57489"
"57490"
"57491"
"57492"
"57493"
"57494"
"57495"
"57496"
"57497"
"57498"
"57499"
"57500"
"57501"
"57502"
"57503"
"57504"
"57505"
"57506"
"57507"
"57508"
"57509"
"57510"
"57511"
"57512"
"57513"
"57514"
"57515"
"57516"
"57517"
"57518"
"57519"
"57959"
"57960"
"57961"
"57962"
"57963"
"57964"
"57965"
"57966"
"57967"
"57968"
"57969"
"57970"
"57971"
"57972"
"57973"
"57974"
"57975"
"57976"
"57977"
"57978"
"57979"
"57980"
"57981"
"57982"
"57983"
"57984"
"57985"
"57986"
"57987"
"57988"
"57989"
"57990"
"57994"
"57997"
"57998"
"57999"
"58000"
"58001"
"58002"
"58003"
"58004"
"58005"
"58006"
"58007"
"58008"
"58009"
"58010"
"58012"
"58013"
"58015"
"58017"
"58019"
"58020"
"58021"
"58022"
"58023"
"58024"
"58027"
"58028"
"58029"
"58030"
"58031"
"58032"
"58033"
"58034"
"58035"
"58036"
"58037"
"58038"
"58039"
"58040"
"58041"
"58042"
"58043"
"58044"
"58045"
"58046"
"58047"
"58048"
"58049"
"58050"
"58051"
"58052"
"58053"
"58054"
"58055"
"58056"
"58057"
"58058"
"58059"
"58060"
"58061"
"58062"
"58063"
"58064"
"58065"
"58519"
"58520"
"58521"
"58522"
"58523"
"58524"
"58525"
"58526"
"58527"
"58528"
"58529"
"58530"
"58531"
"58532"
"58533"
"58534"
"58535"
"58536"
"58537"
"58538"
"58539"
"58540"
"58541"
"58542"
"58543"
"58544"
"58545"
"58546"
"58547"
"58550"
"58551"
"58554"
"58556"
"58557"
"58558"
"58559"
"58560"
"58561"
"58562"
"58563"
"58564"
"58565"
"58567"
"58568"
"58569"
"58570"
"58571"
"58572"
"58574"
"58575"
"58577"
"58578"
"58579"
"58580"
"58581"
"58583"
"58585"
"58586"
"58587"
"58588"
"58589"
"58590"
"58591"
"58592"
"58593"
"58594"
"58595"
"58596"
"58597"
"58598"
"58599"
"58600"
"58601"
"58602"
"58603"
"58604"
"58605"
"58606"
"58607"
"58608"
"58609"
"58610"
"58611"
"58612"
"58613"
"58615"
"58616"
"58617"
"58618"
"58619"
"58620"
"58621"
"58622"
"58623"
"58624"
"58625"
"58626"
"59089"
"59090"
"59091"
"59092"
"59094"
"59095"
"59096"
"59097"
"59098"
"59099"
"59100"
"59101"
"59102"
"59103"
"59104"
"59105"
"59106"
"59107"
"59108"
"59109"
"59110"
"59111"
"59112"
"59113"
"59114"
"59115"
"59116"
"59117"
"59118"
"59119"
"59120"
"59121"
"59122"
"59124"
"59125"
"59126"
"59128"
"59129"
"59130"
"59131"
"59134"
"59135"
"59136"
"59137"
"59139"
"59140"
"59141"
"59142"
"59143"
"59144"
"59145"
"59147"
"59149"
"59150"
"59152"
"59153"
"59154"
"59155"
"59156"
"59157"
"59158"
"59159"
"59160"
"59161"
"59162"
"59163"
"59164"
"59165"
"59166"
"59167"
"59168"
"59169"
"59170"
"59171"
"59172"
"59173"
"59174"
"59175"
"59176"
"59177"
"59178"
"59179"
"59180"
"59181"
"59182"
"59183"
"59184"
"59185"
"59186"
"59188"
"59190"
"59191"
"59192"
"59193"
"59194"
"59195"
"59196"
"59197"
"59198"
"59199"
"59685"
"59686"
"59687"
"59688"
"59689"
"59691"
"59692"
"59693"
"59694"
"59695"
"59696"
"59697"
"59704"
"59706"
"59710"
"59711"
"59715"
"59717"
"59718"
"59721"
"59722"
"59724"
"59725"
"59727"
"59728"
"59729"
"59730"
"59731"
"59732"
"59734"
"59735"
"59736"
"59737"
"59738"
"59739"
"59740"
"59741"
"59742"
"59743"
"59744"
"59745"
"59746"
"59749"
"59750"
"59751"
"59752"
"59753"
"59755"
"59756"
"59757"
"59758"
"59759"
"59760"
"59761"
"59762"
"59763"
"59764"
"59765"
"59766"
"59767"
"59768"
"59769"
"59770"
"59771"
"59772"
"59773"
"59774"
"59775"
"59776"
"59777"
"59778"
"59779"
"59780"
"59781"
"59782"
"59783"
"59784"
"59785"
"59786"
"59788"
"59789"
"59791"
"59794"
"59795"
"59796"
"59797"
"59798"
"60283"
"60284"
"60285"
"60286"
"60287"
"60288"
"60291"
"60292"
"60295"
"60296"
"60297"
"60298"
"60299"
"60301"
"60302"
"60303"
"60304"
"60306"
"60307"
"60309"
"60311"
"60312"
"60313"
"60314"
"60315"
"60316"
"60317"
"60318"
"60319"
"60320"
"60321"
"60322"
"60323"
"60324"
"60326"
"60327"
"60328"
"60329"
"60330"
"60332"
"60333"
"60334"
"60335"
"60336"
"60337"
"60338"
"60339"
"60340"
"60341"
"60342"
"60343"
"60344"
"60345"
"60346"
"60347"
"60348"
"60349"
"60350"
"60351"
"60352"
"60353"
"60354"
"60355"
"60356"
"60357"
"60358"
"60359"
"60360"
"60361"
"60362"
"60363"
"60364"
"60365"
"60367"
"60368"
"60369"
"60370"
"60371"
"60372"
"60373"
"60862"
"60864"
"60865"
"60866"
"60867"
"60868"
"60869"
"60872"
"60873"
"60874"
"60875"
"60876"
"60878"
"60879"
"60880"
"60881"
"60883"
"60884"
"60885"
"60886"
"60889"
"60890"
"60891"
"60892"
"60893"
"60894"
"60895"
"60896"
"60897"
"60898"
"60899"
"60902"
"60903"
"60904"
"60905"
"60906"
"60907"
"60908"
"60909"
"60910"
"60911"
"60912"
"60913"
"60914"
"60915"
"60916"
"60917"
"60918"
"60919"
"60920"
"60921"
"60922"
"60923"
"60924"
"60925"
"60926"
"60927"
"60928"
"60929"
"60930"
"60931"
"60932"
"60933"
"60934"
"60935"
"60936"
"60937"
"60938"
"60939"
"60941"
"60942"
"60943"
"60944"
"60945"
"60946"
"60947"
"61412"
"61413"
"61414"
"61415"
"61416"
"61419"
"61420"
"61421"
"61422"
"61423"
"61425"
"61426"
"61428"
"61429"
"61430"
"61431"
"61432"
"61433"
"61435"
"61436"
"61437"
"61438"
"61439"
"61440"
"61441"
"61442"
"61443"
"61444"
"61445"
"61446"
"61447"
"61448"
"61449"
"61450"
"61451"
"61452"
"61453"
"61454"
"61455"
"61456"
"61457"
"61458"
"61459"
"61460"
"61461"
"61462"
"61463"
"61464"
"61465"
"61466"
"61467"
"61468"
"61469"
"61470"
"61471"
"61472"
"61473"
"61474"
"61475"
"61476"
"61477"
"61478"
"61479"
"61480"
"61481"
"61482"
"61483"
"61484"
"61485"
"61487"
"61488"
"61489"
"61490"
"61491"
"61492"
"61493"
"61942"
"61943"
"61944"
"61945"
"61946"
"61947"
"61950"
"61951"
"61952"
"61953"
"61954"
"61955"
"61956"
"61957"
"61958"
"61959"
"61961"
"61962"
"61963"
"61966"
"61967"
"61968"
"61969"
"61970"
"61971"
"61972"
"61973"
"61974"
"61975"
"61976"
"61977"
"61978"
"61979"
"61980"
"61981"
"61982"
"61983"
"61984"
"61985"
"61986"
"61987"
"61988"
"61989"
"61990"
"61991"
"61992"
"61993"
"61994"
"61995"
"61996"
"61997"
"61998"
"61999"
"62000"
"62001"
"62002"
"62003"
"62004"
"62005"
"62006"
"62007"
"62008"
"62009"
"62011"
"62012"
"62013"
"62014"
"62015"
"62016"
"62017"
"62441"
"62442"
"62444"
"62445"
"62446"
"62447"
"62449"
"62451"
"62452"
"62453"
"62454"
"62456"
"62457"
"62458"
"62465"
"62466"
"62467"
"62468"
"62469"
"62470"
"62471"
"62472"
"62473"
"62474"
"62475"
"62477"
"62478"
"62479"
"62480"
"62481"
"62482"
"62483"
"62484"
"62485"
"62486"
"62487"
"62488"
"62489"
"62490"
"62491"
"62492"
"62493"
"62494"
"62495"
"62496"
"62497"
"62498"
"62499"
"62500"
"62501"
"62502"
"62503"
"62504"
"62505"
"62506"
"62507"
"62508"
"62509"
"62511"
"62512"
"62513"
"62514"
"62515"
"62932"
"62933"
"62935"
"62936"
"62937"
"62938"
"62939"
"62940"
"62942"
"62943"
"62944"
"62945"
"62946"
"62947"
"62949"
"62950"
"62951"
"62952"
"62954"
"62957"
"62958"
"62959"
"62960"
"62961"
"62962"
"62963"
"62964"
"62965"
"62966"
"62967"
"62968"
"62970"
"62971"
"62972"
"62973"
"62974"
"62975"
"62976"
"62977"
"62978"
"62979"
"62980"
"62981"
"62982"
"62983"
"62984"
"62985"
"62986"
"62987"
"62988"
"62989"
"62990"
"62991"
"62992"
"62993"
"62994"
"62995"
"62996"
"62997"
"62998"
"62999"
"63000"
"63001"
"63002"
"63003"
"63004"
"63006"
"63007"
"63008"
"63009"
"63010"
"63429"
"63431"
"63432"
"63433"
"63434"
"63435"
"63436"
"63437"
"63438"
"63439"
"63440"
"63441"
"63442"
"63443"
"63444"
"63445"
"63446"
"63448"
"63449"
"63450"
"63451"
"63452"
"63454"
"63455"
"63456"
"63458"
"63459"
"63460"
"63461"
"63462"
"63463"
"63464"
"63465"
"63466"
"63467"
"63468"
"63469"
"63471"
"63472"
"63473"
"63474"
"63475"
"63476"
"63477"
"63478"
"63479"
"63480"
"63481"
"63482"
"63483"
"63484"
"63485"
"63486"
"63487"
"63488"
"63489"
"63490"
"63491"
"63492"
"63493"
"63494"
"63495"
"63496"
"63497"
"63498"
"63499"
"63500"
"63501"
"63502"
"63503"
"63504"
"63506"
"63507"
"63508"
"63509"
"63510"
"63511"
"63946"
"63947"
"63948"
"63950"
"63951"
"63952"
"63953"
"63954"
"63955"
"63956"
"63957"
"63958"
"63960"
"63961"
"63962"
"63963"
"63964"
"63965"
"63966"
"63967"
"63968"
"63969"
"63970"
"63971"
"63973"
"63974"
"63975"
"63976"
"63978"
"63979"
"63980"
"63981"
"63982"
"63983"
"63984"
"63985"
"63986"
"63987"
"63988"
"63989"
"63990"
"63991"
"63992"
"63993"
"63994"
"63995"
"63996"
"63997"
"63998"
"63999"
"64000"
"64001"
"64002"
"64003"
"64004"
"64005"
"64006"
"64007"
"64008"
"64009"
"64010"
"64011"
"64012"
"64013"
"64014"
"64015"
"64016"
"64017"
"64018"
"64019"
"64020"
"64021"
"64022"
"64023"
"64027"
"64028"
"64029"
"64030"
"64031"
"64458"
"64459"
"64460"
"64461"
"64462"
"64463"
"64464"
"64465"
"64466"
"64467"
"64469"
"64470"
"64471"
"64472"
"64473"
"64474"
"64475"
"64476"
"64477"
"64478"
"64479"
"64480"
"64481"
"64482"
"64483"
"64485"
"64486"
"64487"
"64488"
"64489"
"64490"
"64491"
"64492"
"64493"
"64494"
"64495"
"64496"
"64497"
"64498"
"64499"
"64500"
"64501"
"64502"
"64503"
"64504"
"64505"
"64506"
"64507"
"64508"
"64509"
"64510"
"64511"
"64512"
"64513"
"64514"
"64515"
"64516"
"64517"
"64518"
"64519"
"64520"
"64521"
"64522"
"64523"
"64524"
"64525"
"64526"
"64527"
"64528"
"64529"
"64530"
"64531"
"64532"
"64533"
"64534"
"64535"
"64536"
"64537"
"64538"
"64540"
"64541"
"64542"
"64543"
"64544"
"64962"
"64964"
"64965"
"64967"
"64968"
"64969"
"64970"
"64971"
"64972"
"64973"
"64974"
"64975"
"64977"
"64978"
"64979"
"64980"
"64981"
"64982"
"64983"
"64984"
"64985"
"64986"
"64987"
"64988"
"64989"
"64990"
"64992"
"64993"
"64994"
"64995"
"64996"
"64997"
"64998"
"64999"
"65000"
"65001"
"65002"
"65003"
"65004"
"65005"
"65006"
"65007"
"65008"
"65009"
"65010"
"65011"
"65012"
"65013"
"65014"
"65016"
"65017"
"65018"
"65019"
"65020"
"65021"
"65022"
"65023"
"65024"
"65025"
"65026"
"65027"
"65028"
"65029"
"65030"
"65031"
"65032"
"65033"
"65034"
"65035"
"65036"
"65037"
"65038"
"65039"
"65040"
"65041"
"65042"
"65043"
"65044"
"65045"
"65047"
"65048"
"65049"
"65050"
"65051"
"65480"
"65481"
"65482"
"65484"
"65485"
"65486"
"65487"
"65488"
"65489"
"65490"
"65491"
"65492"
"65494"
"65495"
"65496"
"65497"
"65499"
"65500"
"65501"
"65502"
"65503"
"65506"
"65508"
"65510"
"65511"
"65512"
"65513"
"65514"
"65515"
"65516"
"65517"
"65518"
"65519"
"65520"
"65521"
"65522"
"65523"
"65524"
"65525"
"65526"
"65527"
"65528"
"65529"
"65530"
"65531"
"65532"
"65533"
"65534"
"65535"
"65536"
"65537"
"65538"
"65539"
"65540"
"65541"
"65542"
"65543"
"65544"
"65545"
"65546"
"65547"
"65548"
"65549"
"65550"
"65551"
"65552"
"65553"
"65556"
"65557"
"65558"
"65559"
"66006"
"66007"
"66008"
"66009"
"66010"
"66012"
"66013"
"66014"
"66015"
"66016"
"66017"
"66018"
"66019"
"66020"
"66021"
"66022"
"66026"
"66027"
"66031"
"66032"
"66034"
"66035"
"66036"
"66037"
"66038"
"66039"
"66040"
"66041"
"66042"
"66043"
"66045"
"66046"
"66048"
"66049"
"66051"
"66052"
"66053"
"66054"
"66055"
"66056"
"66057"
"66058"
"66059"
"66060"
"66061"
"66062"
"66063"
"66064"
"66065"
"66066"
"66067"
"66068"
"66069"
"66070"
"66071"
"66072"
"66073"
"66074"
"66075"
"66076"
"66077"
"66078"
"66548"
"66549"
"66550"
"66551"
"66552"
"66554"
"66555"
"66557"
"66558"
"66559"
"66560"
"66561"
"66562"
"66563"
"66564"
"66565"
"66566"
"66569"
"66570"
"66571"
"66572"
"66573"
"66574"
"66575"
"66576"
"66577"
"66578"
"66579"
"66580"
"66581"
"66583"
"66584"
"66585"
"66586"
"66587"
"66588"
"66589"
"66590"
"66591"
"66592"
"66593"
"66594"
"66595"
"66596"
"66597"
"66598"
"66599"
"66600"
"66601"
"66602"
"66603"
"66604"
"66605"
"66606"
"66607"
"66608"
"66611"
"67065"
"67066"
"67067"
"67068"
"67069"
"67071"
"67073"
"67074"
"67075"
"67076"
"67077"
"67078"
"67079"
"67080"
"67081"
"67082"
"67083"
"67084"
"67086"
"67087"
"67088"
"67089"
"67090"
"67091"
"67093"
"67094"
"67095"
"67096"
"67097"
"67098"
"67099"
"67100"
"67101"
"67102"
"67103"
"67104"
"67106"
"67107"
"67108"
"67109"
"67110"
"67111"
"67112"
"67113"
"67114"
"67115"
"67116"
"67117"
"67118"
"67119"
"67120"
"67121"
"67591"
"67592"
"67593"
"67594"
"67595"
"67597"
"67598"
"67599"
"67600"
"67601"
"67602"
"67603"
"67604"
"67605"
"67606"
"67607"
"67608"
"67609"
"67610"
"67611"
"67612"
"67613"
"67614"
"67615"
"67616"
"67617"
"67618"
"67619"
"67620"
"67621"
"67622"
"67623"
"67624"
"67625"
"67626"
"67627"
"67628"
"67629"
"67630"
"67634"
"67635"
"67636"
"67637"
"67638"
"67639"
"67640"
"67641"
"67642"
"67643"
"67644"
"67645"
"67646"
"67647"
"67648"
"67649"
"68129"
"68130"
"68131"
"68132"
"68133"
"68134"
"68135"
"68136"
"68137"
"68138"
"68139"
"68140"
"68141"
"68142"
"68143"
"68144"
"68145"
"68146"
"68147"
"68148"
"68149"
"68150"
"68151"
"68152"
"68153"
"68154"
"68155"
"68156"
"68157"
"68158"
"68159"
"68160"
"68161"
"68162"
"68163"
"68164"
"68165"
"68166"
"68167"
"68168"
"68169"
"68170"
"68171"
"68172"
"68174"
"68176"
"68177"
"68178"
"68179"
"68180"
"68181"
"68182"
"68183"
"68184"
"68185"
"68186"
"68187"
"68188"
"68189"
"68190"
"68191"
"68192"
"68656"
"68657"
"68658"
"68659"
"68660"
"68661"
"68662"
"68663"
"68664"
"68665"
"68666"
"68667"
"68668"
"68669"
"68670"
"68671"
"68672"
"68673"
"68674"
"68675"
"68676"
"68677"
"68678"
"68679"
"68680"
"68681"
"68682"
"68683"
"68684"
"68685"
"68688"
"68689"
"68690"
"68692"
"68693"
"68694"
"68695"
"68696"
"68697"
"68698"
"68699"
"68700"
"68703"
"68704"
"68705"
"68706"
"68707"
"68708"
"68709"
"68710"
"68711"
"68712"
"68713"
"68714"
"68715"
"68716"
"68717"
"68718"
"68719"
"68720"
"68721"
"68722"
"68724"
"69197"
"69198"
"69199"
"69200"
"69201"
"69202"
"69203"
"69205"
"69206"
"69207"
"69208"
"69209"
"69210"
"69211"
"69212"
"69213"
"69214"
"69215"
"69216"
"69217"
"69218"
"69219"
"69220"
"69221"
"69222"
"69223"
"69224"
"69225"
"69226"
"69227"
"69229"
"69230"
"69231"
"69232"
"69233"
"69234"
"69236"
"69237"
"69238"
"69239"
"69240"
"69241"
"69242"
"69243"
"69244"
"69245"
"69246"
"69247"
"69248"
"69249"
"69250"
"69251"
"69252"
"69253"
"69254"
"69735"
"69736"
"69737"
"69738"
"69740"
"69741"
"69743"
"69744"
"69745"
"69746"
"69747"
"69748"
"69749"
"69750"
"69751"
"69752"
"69753"
"69755"
"69756"
"69757"
"69758"
"69759"
"69760"
"69761"
"69762"
"69764"
"69766"
"69767"
"69768"
"69769"
"69770"
"69772"
"69773"
"69774"
"69775"
"69776"
"69777"
"69779"
"69780"
"69781"
"69782"
"69785"
"69786"
"69787"
"69788"
"69789"
"69790"
"69791"
"69792"
"69793"
"69794"
"69795"
"69796"
"69797"
"69798"
"69800"
"70295"
"70296"
"70297"
"70298"
"70299"
"70300"
"70301"
"70302"
"70303"
"70304"
"70305"
"70306"
"70307"
"70308"
"70309"
"70310"
"70311"
"70313"
"70314"
"70315"
"70316"
"70317"
"70318"
"70319"
"70321"
"70324"
"70325"
"70326"
"70327"
"70328"
"70329"
"70330"
"70331"
"70332"
"70333"
"70335"
"70336"
"70337"
"70338"
"70339"
"70340"
"70341"
"70342"
"70343"
"70344"
"70345"
"70346"
"70347"
"70348"
"70349"
"70350"
"70351"
"70352"
"70353"
"70857"
"70858"
"70859"
"70860"
"70861"
"70862"
"70863"
"70864"
"70865"
"70866"
"70867"
"70868"
"70869"
"70870"
"70871"
"70872"
"70873"
"70874"
"70875"
"70876"
"70877"
"70878"
"70879"
"70880"
"70882"
"70884"
"70887"
"70888"
"70889"
"70890"
"70891"
"70892"
"70893"
"70895"
"70896"
"70897"
"70898"
"70899"
"70900"
"70901"
"70902"
"70903"
"70904"
"70905"
"71427"
"71428"
"71429"
"71430"
"71432"
"71434"
"71435"
"71436"
"71437"
"71438"
"71439"
"71440"
"71441"
"71442"
"71443"
"71444"
"71445"
"71447"
"71448"
"71449"
"71450"
"71451"
"71452"
"71453"
"71454"
"71455"
"71457"
"71458"
"71459"
"71460"
"71461"
"71462"
"71463"
"71464"
"71465"
"71466"
"71467"
"71992"
"71993"
"71994"
"71995"
"71996"
"71997"
"71998"
"71999"
"72000"
"72001"
"72004"
"72005"
"72006"
"72009"
"72012"
"72013"
"72014"
"72015"
"72016"
"72018"
"72019"
"72020"
"72021"
"72022"
"72023"
"72024"
"72025"
"72026"
"72027"
"72028"
"72029"
"72580"
"72582"
"72583"
"72584"
"72585"
"72586"
"72587"
"72588"
"72589"
"72590"
"72591"
"72592"
"72593"
"72594"
"72595"
"72596"
"72598"
"72599"
"72600"
"72601"
"72602"
"72604"
"72605"
"72606"
"72607"
"72608"
"72609"
"72610"
"72611"
"72612"
"72613"
"72614"
"72615"
"73158"
"73159"
"73161"
"73163"
"73164"
"73166"
"73167"
"73168"
"73169"
"73170"
"73171"
"73172"
"73173"
"73176"
"73178"
"73179"
"73180"
"73181"
"73182"
"73183"
"73184"
"73185"
"73186"
"73187"
"73188"
"73189"
"73190"
"73191"
"73192"
"73193"
"73753"
"73754"
"73755"
"73756"
"73757"
"73759"
"73760"
"73761"
"73762"
"73763"
"73764"
"73765"
"73766"
"73767"
"73770"
"73771"
"73772"
"73774"
"73775"
"73776"
"73777"
"73778"
"73779"
"73780"
"73781"
"73782"
"73783"
"73784"
"73785"
"73786"
"73787"
"73788"
"73789"
"74355"
"74356"
"74357"
"74359"
"74362"
"74363"
"74364"
"74365"
"74366"
"74367"
"74368"
"74369"
"74370"
"74374"
"74376"
"74378"
"74379"
"74380"
"74381"
"74382"
"74383"
"74384"
"74385"
"74386"
"74387"
"74388"
"74389"
"74390"
"74391"
"74955"
"74956"
"74957"
"74958"
"74959"
"74960"
"74963"
"74964"
"74965"
"74966"
"74967"
"74968"
"74969"
"74970"
"74971"
"74972"
"74973"
"74974"
"74975"
"74976"
"74977"
"74978"
"74979"
"74980"
"74981"
"74982"
"74983"
"74984"
"74985"
"75582"
"75583"
"75584"
"75585"
"75587"
"75588"
"75589"
"75590"
"75591"
"75592"
"75593"
"75594"
"75595"
"75596"
"75597"
"75599"
"75600"
"75601"
"75602"
"75603"
"75604"
"75605"
"75606"
"75607"
"75608"
"75609"
"76227"
"76228"
"76229"
"76230"
"76232"
"76233"
"76234"
"76235"
"76236"
"76237"
"76238"
"76239"
"76240"
"76241"
"76242"
"76243"
"76244"
"76246"
"76247"
"76248"
"76249"
"76250"
"76251"
"76252"
"76253"
"76254"
"76255"
"76256"
"76257"
"76258"
"76259"
"76260"
"76898"
"76899"
"76900"
"76901"
"76902"
"76904"
"76905"
"76906"
"76907"
"76908"
"76909"
"76910"
"76911"
"76912"
"76913"
"76914"
"76915"
"76916"
"76919"
"76920"
"76921"
"76922"
"76923"
"76924"
"76925"
"76926"
"76927"
"76928"
"76929"
"76930"
"76931"
"76932"
"76937"
"76938"
"77576"
"77577"
"77578"
"77579"
"77581"
"77582"
"77583"
"77585"
"77586"
"77587"
"77588"
"77589"
"77590"
"77591"
"77592"
"77593"
"77594"
"77595"
"77596"
"77597"
"77598"
"77599"
"77600"
"77601"
"77602"
"77603"
"77604"
"77605"
"77606"
"77607"
"77608"
"77609"
"77610"
"77611"
"77612"
"77613"
"77614"
"78228"
"78229"
"78230"
"78231"
"78232"
"78233"
"78234"
"78235"
"78236"
"78237"
"78238"
"78239"
"78240"
"78241"
"78242"
"78243"
"78244"
"78245"
"78246"
"78247"
"78248"
"78250"
"78252"
"78253"
"78254"
"78255"
"78256"
"78257"
"78258"
"78259"
"78260"
"78261"
"78262"
"78263"
"78264"
"78265"
"78266"
"78267"
"78268"
"78269"
"78873"
"78874"
"78875"
"78876"
"78877"
"78878"
"78879"
"78880"
"78882"
"78884"
"78885"
"78886"
"78887"
"78888"
"78889"
"78890"
"78891"
"78892"
"78893"
"78894"
"78895"
"78898"
"78899"
"78900"
"78901"
"78902"
"78903"
"78904"
"78905"
"78906"
"78907"
"78908"
"78909"
"78910"
"78911"
"78912"
"78913"
"79532"
"79533"
"79534"
"79535"
"79536"
"79537"
"79538"
"79539"
"79540"
"79541"
"79542"
"79543"
"79544"
"79545"
"79547"
"79548"
"79549"
"79550"
"79551"
"79552"
"79553"
"79554"
"79555"
"79556"
"79557"
"79558"
"79559"
"79560"
"79561"
"79562"
"79563"
"79564"
"79565"
"79566"
"79567"
"79568"
"79569"
"79570"
"79571"
"79572"
"79573"
"79574"
"79575"
"80202"
"80203"
"80204"
"80205"
"80206"
"80207"
"80208"
"80209"
"80210"
"80211"
"80212"
"80213"
"80214"
"80216"
"80217"
"80218"
"80219"
"80220"
"80221"
"80222"
"80223"
"80224"
"80225"
"80226"
"80229"
"80230"
"80231"
"80232"
"80233"
"80234"
"80235"
"80236"
"80237"
"80238"
"80239"
"80240"
"80241"
"80242"
"80243"
"80244"
"80245"
"80246"
"80247"
"80248"
"80249"
"80902"
"80903"
"80904"
"80905"
"80906"
"80907"
"80908"
"80909"
"80910"
"80911"
"80912"
"80913"
"80914"
"80915"
"80918"
"80919"
"80920"
"80921"
"80922"
"80923"
"80924"
"80925"
"80926"
"80927"
"80928"
"80929"
"80930"
"80931"
"80932"
"80933"
"80934"
"80935"
"80936"
"80937"
"80938"
"80939"
"80940"
"80941"
"80942"
"80943"
"80944"
"80945"
"80946"
"80947"
"80948"
"80949"
"80950"
"80951"
"81589"
"81590"
"81591"
"81592"
"81593"
"81594"
"81595"
"81596"
"81597"
"81598"
"81599"
"81600"
"81601"
"81602"
"81604"
"81606"
"81607"
"81608"
"81609"
"81610"
"81611"
"81612"
"81613"
"81614"
"81615"
"81616"
"81617"
"81619"
"81620"
"81621"
"81622"
"81623"
"81624"
"81625"
"81626"
"81627"
"81628"
"81629"
"81630"
"81631"
"81632"
"81633"
"81634"
"81635"
"81636"
"81637"
"81638"
"81639"
"81640"
"81641"
"81642"
"81643"
"82271"
"82272"
"82273"
"82274"
"82275"
"82276"
"82277"
"82278"
"82279"
"82280"
"82281"
"82282"
"82283"
"82284"
"82285"
"82287"
"82288"
"82289"
"82290"
"82291"
"82292"
"82293"
"82294"
"82295"
"82296"
"82297"
"82298"
"82299"
"82300"
"82301"
"82302"
"82303"
"82304"
"82305"
"82306"
"82307"
"82308"
"82309"
"82310"
"82311"
"82314"
"82315"
"82316"
"82317"
"82318"
"82319"
"82320"
"82321"
"82322"
"82323"
"82324"
"82325"
"82963"
"82964"
"82965"
"82966"
"82967"
"82970"
"82971"
"82972"
"82973"
"82974"
"82975"
"82976"
"82977"
"82979"
"82980"
"82981"
"82982"
"82983"
"82984"
"82985"
"82986"
"82987"
"82988"
"82989"
"82990"
"82991"
"82992"
"82993"
"82994"
"82995"
"82996"
"82997"
"82998"
"82999"
"83000"
"83001"
"83002"
"83003"
"83005"
"83006"
"83007"
"83008"
"83009"
"83010"
"83011"
"83012"
"83013"
"83014"
"83015"
"83016"
"83017"
"83687"
"83688"
"83689"
"83690"
"83691"
"83692"
"83693"
"83694"
"83696"
"83697"
"83698"
"83699"
"83701"
"83702"
"83703"
"83704"
"83705"
"83706"
"83707"
"83708"
"83709"
"83710"
"83711"
"83712"
"83713"
"83714"
"83715"
"83716"
"83717"
"83718"
"83719"
"83720"
"83721"
"83722"
"83725"
"83726"
"83727"
"83728"
"83729"
"83730"
"83731"
"83732"
"83733"
"83734"
"83735"
"83736"
"84386"
"84387"
"84388"
"84390"
"84391"
"84392"
"84393"
"84395"
"84396"
"84397"
"84398"
"84399"
"84400"
"84401"
"84402"
"84403"
"84404"
"84405"
"84406"
"84407"
"84408"
"84409"
"84410"
"84411"
"84412"
"84414"
"84415"
"84416"
"84417"
"84418"
"84419"
"84420"
"84421"
"84422"
"84423"
"84424"
"84426"
"84428"
"84429"
"84430"
"84431"
"84432"
"84433"
"84434"
"84435"
"84436"
"84437"
"85062"
"85063"
"85064"
"85066"
"85067"
"85069"
"85070"
"85071"
"85072"
"85073"
"85074"
"85075"
"85077"
"85078"
"85079"
"85080"
"85081"
"85082"
"85083"
"85084"
"85085"
"85086"
"85087"
"85088"
"85089"
"85090"
"85091"
"85092"
"85093"
"85094"
"85095"
"85096"
"85097"
"85098"
"85099"
"85101"
"85102"
"85104"
"85105"
"85106"
"85107"
"85108"
"85109"
"85110"
"85113"
"85114"
"85697"
"85698"
"85700"
"85701"
"85702"
"85703"
"85704"
"85705"
"85706"
"85707"
"85708"
"85709"
"85710"
"85711"
"85712"
"85713"
"85714"
"85715"
"85716"
"85717"
"85718"
"85719"
"85720"
"85721"
"85722"
"85723"
"85724"
"85726"
"85727"
"85728"
"85729"
"85730"
"85731"
"85732"
"85733"
"85734"
"85735"
"85736"
"85737"
"85738"
"85739"
"85740"
"85741"
"85742"
"85743"
"85744"
"85745"
"86334"
"86335"
"86336"
"86338"
"86339"
"86340"
"86341"
"86342"
"86343"
"86344"
"86345"
"86347"
"86348"
"86349"
"86350"
"86351"
"86352"
"86353"
"86354"
"86355"
"86356"
"86357"
"86359"
"86360"
"86361"
"86362"
"86363"
"86364"
"86365"
"86366"
"86367"
"86368"
"86369"
"86372"
"86373"
"86374"
"86375"
"86376"
"86377"
"86378"
"86942"
"86943"
"86944"
"86946"
"86947"
"86948"
"86949"
"86950"
"86951"
"86952"
"86953"
"86954"
"86955"
"86956"
"86957"
"86958"
"86959"
"86960"
"86961"
"86962"
"86963"
"86964"
"86965"
"86966"
"86967"
"86970"
"86971"
"86972"
"86973"
"86974"
"86975"
"86976"
"86977"
"86978"
"86979"
"86981"
"86982"
"86983"
"86984"
"86985"
"86986"
"87523"
"87524"
"87525"
"87526"
"87528"
"87529"
"87530"
"87531"
"87532"
"87533"
"87534"
"87535"
"87536"
"87538"
"87539"
"87540"
"87541"
"87542"
"87543"
"87544"
"87545"
"87546"
"87547"
"87548"
"87549"
"87553"
"87554"
"87555"
"87556"
"87557"
"87558"
"87559"
"87560"
"87561"
"87562"
"87564"
"87565"
"87566"
"87567"
"88073"
"88074"
"88075"
"88084"
"88085"
"88086"
"88087"
"88088"
"88089"
"88090"
"88091"
"88092"
"88093"
"88094"
"88095"
"88096"
"88097"
"88098"
"88099"
"88100"
"88101"
"88104"
"88105"
"88106"
"88107"
"88108"
"88109"
"88110"
"88111"
"88112"
"88114"
"88115"
"88116"
"88117"
"88601"
"88602"
"88603"
"88605"
"88606"
"88607"
"88610"
"88611"
"88613"
"88614"
"88615"
"88616"
"88617"
"88618"
"88619"
"88620"
"88621"
"88624"
"88626"
"88627"
"88628"
"88629"
"88630"
"88631"
"88632"
"88634"
"88636"
"88637"
"88638"
"88639"
"89110"
"89111"
"89112"
"89113"
"89114"
"89115"
"89116"
"89117"
"89118"
"89119"
"89120"
"89121"
"89122"
"89123"
"89124"
"89125"
"89127"
"89128"
"89129"
"89130"
"89131"
"89132"
"89133"
"89135"
"89136"
"89138"
"89139"
"89140"
"89141"
"89142"
"89143"
"89588"
"89589"
"89590"
"89591"
"89594"
"89595"
"89596"
"89597"
"89598"
"89599"
"89600"
"89602"
"89603"
"89604"
"89605"
"89606"
"89607"
"89608"
"89609"
"89610"
"89611"
"89612"
"89613"
"89615"
"89616"
"89617"
"89618"
"89619"
"89620"
"90065"
"90066"
"90067"
"90068"
"90070"
"90071"
"90073"
"90074"
"90075"
"90076"
"90079"
"90080"
"90081"
"90082"
"90083"
"90084"
"90085"
"90087"
"90088"
"90089"
"90091"
"90092"
"90093"
"90094"
"90095"
"90096"
"90525"
"90526"
"90527"
"90528"
"90530"
"90531"
"90532"
"90533"
"90534"
"90535"
"90537"
"90539"
"90540"
"90541"
"90542"
"90543"
"90544"
"90546"
"90547"
"90548"
"90549"
"90550"
"90551"
"90552"
"90553"
"90554"
"90555"
"90961"
"90962"
"90963"
"90964"
"90965"
"90967"
"90969"
"90971"
"90972"
"90973"
"90974"
"90975"
"90977"
"90978"
"90982"
"90983"
"90984"
"90985"
"90986"
"90987"
"90988"
"90989"
"90990"
"90991"
"90992"
"91357"
"91358"
"91359"
"91360"
"91361"
"91362"
"91364"
"91365"
"91366"
"91367"
"91368"
"91369"
"91371"
"91372"
"91373"
"91374"
"91375"
"91376"
"91377"
"91378"
"91379"
"91380"
"91381"
"91382"
"91383"
"91384"
"91385"
"91386"
"91387"
"91727"
"91728"
"91729"
"91730"
"91731"
"91733"
"91735"
"91736"
"91738"
"91739"
"91740"
"91741"
"91742"
"91743"
"91744"
"91745"
"91746"
"91747"
"91748"
"91749"
"91750"
"91751"
"91752"
"91753"
"91754"
"91755"
"91756"
"91757"
"92067"
"92068"
"92069"
"92070"
"92071"
"92072"
"92073"
"92074"
"92075"
"92076"
"92077"
"92078"
"92079"
"92080"
"92081"
"92082"
"92083"
"92084"
"92085"
"92086"
"92087"
"92088"
"92089"
"92090"
"92091"
"92092"
"92094"
"92095"
"92096"
"92097"
"92098"
"92099"
"92100"
"92399"
"92400"
"92401"
"92402"
"92403"
"92404"
"92407"
"92408"
"92409"
"92410"
"92411"
"92413"
"92414"
"92415"
"92416"
"92417"
"92418"
"92419"
"92420"
"92421"
"92423"
"92424"
"92425"
"92426"
"92427"
"92428"
"92429"
"92430"
"92431"
"92703"
"92704"
"92705"
"92706"
"92707"
"92708"
"92709"
"92711"
"92712"
"92713"
"92714"
"92716"
"92718"
"92719"
"92720"
"92721"
"92722"
"92723"
"92724"
"92725"
"92726"
"92727"
"92728"
"92729"
"92730"
"92731"
"92734"
"92993"
"92994"
"92995"
"92996"
"92997"
"92998"
"93001"
"93002"
"93004"
"93005"
"93007"
"93009"
"93010"
"93011"
"93012"
"93013"
"93014"
"93015"
"93016"
"93017"
"93018"
"93019"
"93020"
"93021"
"93022"
"93261"
"93262"
"93263"
"93264"
"93265"
"93266"
"93267"
"93271"
"93272"
"93273"
"93274"
"93275"
"93277"
"93279"
"93280"
"93281"
"93282"
"93283"
"93285"
"93286"
"93288"
"93289"
"93290"
"93291"
"93292"
"93293"
"93510"
"93512"
"93513"
"93514"
"93515"
"93516"
"93517"
"93518"
"93520"
"93521"
"93522"
"93523"
"93524"
"93525"
"93526"
"93528"
"93530"
"93531"
"93532"
"93533"
"93535"
"93536"
"93537"
"93538"
"93539"
"93540"
"93541"
"93736"
"93737"
"93738"
"93739"
"93740"
"93741"
"93742"
"93745"
"93746"
"93748"
"93749"
"93750"
"93751"
"93752"
"93753"
"93754"
"93755"
"93756"
"93757"
"93759"
"93760"
"93761"
"93762"
"93763"
"93764"
"93765"
"93766"
"93936"
"93938"
"93939"
"93940"
"93941"
"93942"
"93943"
"93944"
"93946"
"93947"
"93949"
"93950"
"93951"
"93954"
"93955"
"93956"
"93957"
"93958"
"93959"
"93960"
"93961"
"93962"
"93963"
"93964"
"93965"
"93966"
"93967"
"94120"
"94121"
"94122"
"94123"
"94124"
"94125"
"94126"
"94127"
"94128"
"94129"
"94130"
"94131"
"94132"
"94133"
"94134"
"94135"
"94136"
"94137"
"94138"
"94139"
"94140"
"94141"
"94142"
"94143"
"94144"
"94145"
"94146"
"94147"
"94148"
"94149"
"94150"
"94151"
"94152"
"94153"
"94301"
"94304"
"94305"
"94306"
"94307"
"94308"
"94309"
"94310"
"94311"
"94312"
"94315"
"94316"
"94317"
"94318"
"94319"
"94320"
"94325"
"94326"
"94327"
"94328"
"94329"
"94330"
"94331"
"94332"
"94333"
"94334"
"94335"
"94336"
"94337"
"94494"
"94495"
"94496"
"94497"
"94498"
"94499"
"94500"
"94501"
"94502"
"94503"
"94504"
"94506"
"94507"
"94508"
"94510"
"94511"
"94512"
"94514"
"94516"
"94517"
"94518"
"94519"
"94520"
"94521"
"94522"
"94523"
"94524"
"94525"
"94526"
"94527"
"94528"
"94529"
"94530"
"94683"
"94684"
"94685"
"94686"
"94687"
"94688"
"94689"
"94690"
"94691"
"94694"
"94695"
"94696"
"94698"
"94699"
"94700"
"94701"
"94703"
"94705"
"94706"
"94707"
"94708"
"94709"
"94710"
"94711"
"94712"
"94713"
"94714"
"94715"
"94716"
"94717"
"94718"
"94719"
"94720"
"94721"
"94722"
"94723"
"94869"
"94871"
"94872"
"94873"
"94874"
"94875"
"94876"
"94877"
"94878"
"94880"
"94881"
"94882"
"94883"
"94884"
"94885"
"94886"
"94887"
"94888"
"94890"
"94892"
"94893"
"94894"
"94895"
"94896"
"94897"
"94898"
"94899"
"94900"
"94901"
"94902"
"94903"
"94904"
"94905"
"94906"
"94907"
"94908"
"94909"
"95046"
"95050"
"95051"
"95052"
"95053"
"95054"
"95055"
"95057"
"95058"
"95059"
"95060"
"95061"
"95062"
"95063"
"95065"
"95066"
"95069"
"95070"
"95071"
"95072"
"95073"
"95074"
"95075"
"95076"
"95077"
"95078"
"95079"
"95080"
"95082"
"95083"
"95084"
"95085"
"95086"
"95087"
"95088"
"95213"
"95214"
"95215"
"95216"
"95217"
"95218"
"95221"
"95222"
"95223"
"95224"
"95225"
"95226"
"95227"
"95229"
"95230"
"95231"
"95232"
"95235"
"95236"
"95237"
"95238"
"95239"
"95240"
"95241"
"95242"
"95243"
"95244"
"95245"
"95246"
"95248"
"95249"
"95250"
"95372"
"95373"
"95374"
"95375"
"95376"
"95377"
"95379"
"95380"
"95382"
"95383"
"95384"
"95385"
"95387"
"95388"
"95389"
"95390"
"95391"
"95393"
"95394"
"95395"
"95396"
"95397"
"95398"
"95399"
"95400"
"95401"
"95402"
"95403"
"95404"
"95405"
"95406"
"95407"
"95408"
"95512"
"95514"
"95515"
"95516"
"95517"
"95518"
"95521"
"95522"
"95523"
"95524"
"95525"
"95526"
"95527"
"95528"
"95530"
"95532"
"95533"
"95534"
"95535"
"95536"
"95537"
"95538"
"95539"
"95540"
"95541"
"95542"
"95543"
"95544"
"95547"
"95550"
"95646"
"95647"
"95648"
"95649"
"95650"
"95651"
"95652"
"95653"
"95654"
"95656"
"95659"
"95660"
"95661"
"95662"
"95664"
"95665"
"95666"
"95667"
"95668"
"95669"
"95670"
"95671"
"95672"
"95673"
"95674"
"95675"
"95769"
"95770"
"95771"
"95772"
"95773"
"95774"
"95775"
"95776"
"95777"
"95778"
"95779"
"95780"
"95781"
"95782"
"95783"
"95784"
"95786"
"95788"
"95789"
"95790"
"95791"
"95792"
"95793"
"95794"
"95795"
"95796"
"95797"
"95891"
"95893"
"95894"
"95895"
"95896"
"95897"
"95898"
"95899"
"95900"
"95901"
"95902"
"95903"
"95904"
"95905"
"95906"
"95907"
"95908"
"95909"
"95911"
"95914"
"95915"
"95916"
"95917"
"95918"
"95919"
"95920"
"95921"
"95922"
"96020"
"96021"
"96022"
"96023"
"96024"
"96025"
"96026"
"96027"
"96028"
"96029"
"96030"
"96031"
"96033"
"96034"
"96035"
"96036"
"96038"
"96039"
"96040"
"96043"
"96044"
"96045"
"96046"
"96047"
"96048"
"96049"
"96050"
"96051"
"96151"
"96152"
"96153"
"96154"
"96155"
"96156"
"96157"
"96158"
"96159"
"96160"
"96161"
"96162"
"96164"
"96165"
"96166"
"96167"
"96168"
"96169"
"96170"
"96171"
"96173"
"96174"
"96175"
"96176"
"96177"
"96178"
"96179"
"96180"
"96181"
"96182"
"96183"
"96285"
"96286"
"96287"
"96288"
"96289"
"96290"
"96291"
"96292"
"96293"
"96294"
"96295"
"96297"
"96298"
"96299"
"96300"
"96302"
"96305"
"96306"
"96307"
"96308"
"96309"
"96310"
"96311"
"96312"
"96313"
"96314"
"96394"
"96395"
"96396"
"96397"
"96398"
"96399"
"96400"
"96401"
"96402"
"96403"
"96404"
"96405"
"96406"
"96407"
"96408"
"96409"
"96410"
"96411"
"96413"
"96414"
"96415"
"96416"
"96417"
"96418"
"96419"
"96420"
"96421"
"96486"
"96487"
"96488"
"96489"
"96490"
"96491"
"96492"
"96493"
"96494"
"96497"
"96498"
"96499"
"96500"
"96501"
"96502"
"96503"
"96504"
"96505"
"96506"
"96507"
"96508"
"96509"
"96510"
"96511"
"96512"
"96513"
"96514"
"96515"
"96575"
"96576"
"96577"
"96578"
"96579"
"96580"
"96581"
"96582"
"96583"
"96584"
"96585"
"96586"
"96587"
"96588"
"96589"
"96590"
"96591"
"96592"
"96593"
"96594"
"96595"
"96596"
"96597"
"96598"
"96599"
"96600"
"96601"
"96602"
"96603"
"96604"
"96670"
"96671"
"96672"
"96673"
"96674"
"96675"
"96676"
"96677"
"96678"
"96679"
"96680"
"96681"
"96683"
"96684"
"96685"
"96686"
"96687"
"96688"
"96689"
"96690"
"96691"
"96692"
"96693"
"96694"
"96695"
"96696"
"96697"
"96698"
"96699"
"96700"
"96701"
"96702"
"96760"
"96761"
"96762"
"96763"
"96764"
"96765"
"96766"
"96767"
"96768"
"96769"
"96770"
"96771"
"96772"
"96773"
"96774"
"96775"
"96776"
"96777"
"96778"
"96779"
"96780"
"96781"
"96782"
"96785"
"96786"
"96787"
"96788"
"96789"
"96790"
"96791"
"96792"
"96793"
"96845"
"96846"
"96847"
"96848"
"96849"
"96850"
"96851"
"96852"
"96853"
"96854"
"96855"
"96857"
"96858"
"96859"
"96860"
"96861"
"96862"
"96863"
"96864"
"96865"
"96866"
"96867"
"96868"
"96869"
"96870"
"96871"
"96872"
"96873"
"96874"
"96875"
"96920"
"96921"
"96922"
"96923"
"96924"
"96925"
"96926"
"96927"
"96928"
"96929"
"96930"
"96931"
"96932"
"96935"
"96936"
"96937"
"96938"
"96939"
"96940"
"96941"
"96942"
"96943"
"96946"
"96947"
"96948"
"96949"
"96950"
"96951"
"96952"
"97000"
"97001"
"97002"
"97003"
"97004"
"97005"
"97006"
"97007"
"97008"
"97009"
"97010"
"97011"
"97012"
"97013"
"97015"
"97016"
"97017"
"97018"
"97019"
"97020"
"97021"
"97022"
"97023"
"97024"
"97025"
"97027"
"97029"
"97030"
"97031"
"97032"
"97033"
"97078"
"97079"
"97080"
"97081"
"97082"
"97083"
"97084"
"97085"
"97086"
"97087"
"97088"
"97090"
"97091"
"97093"
"97095"
"97096"
"97097"
"97098"
"97099"
"97100"
"97101"
"97103"
"97104"
"97106"
"97107"
"97108"
"97109"
"97154"
"97155"
"97156"
"97157"
"97158"
"97159"
"97160"
"97161"
"97162"
"97163"
"97164"
"97165"
"97166"
"97167"
"97171"
"97174"
"97175"
"97176"
"97178"
"97179"
"97180"
"97181"
"97182"
"97184"
"97223"
"97224"
"97225"
"97226"
"97227"
"97228"
"97229"
"97230"
"97231"
"97232"
"97233"
"97234"
"97235"
"97236"
"97238"
"97239"
"97240"
"97243"
"97244"
"97245"
"97246"
"97247"
"97248"
"97287"
"97294"
"97295"
"97296"
"97297"
"97298"
"97299"
"97302"
"97303"
"97307"
"97308"
"97309"
"97310"
"97311"
"97312"
"97352"
"97353"
"97354"
"97357"
"97358"
"97360"
"97361"
"97362"
"97363"
"97364"
"97365"
"97412"
"97414"
"97415"
"97416"
"97419"
"97420"
"97423"
"97424"
"97425"
"97426"
"97427"
"97428"
"97477"
"97478"
"97479"
"97480"
"97481"
"97482"
"97483"
"97484"
"97487"
"97488"
"97491"
"97492"
"97493"
"97494"
"97495"
"97496"
"97497"
"97546"
"97548"
"97549"
"97550"
"97551"
"97552"
"97553"
"97554"
"97555"
"97558"
"97559"
"97560"
"97562"
"97563"
"97564"
"97565"
"97566"
"97567"
"97568"
"97620"
"97621"
"97622"
"97623"
"97624"
"97627"
"97628"
"97629"
"97631"
"97632"
"97633"
"97634"
"97635"
"97636"
"97637"
"97694"
"97695"
"97696"
"97697"
"97698"
"97699"
"97701"
"97702"
"97705"
"97706"
"97707"
"97708"
"97709"
"97710"
"97764"
"97765"
"97766"
"97767"
"97768"
"97769"
"97770"
"97771"
"97773"
"97775"
"97776"
"97777"
"97778"
"97779"
"97780"
"97781"
"97831"
"97833"
"97834"
"97835"
"97836"
"97838"
"97840"
"97842"
"97843"
"97844"
"97845"
"97846"
"97847"
"97848"
"97881"
"97882"
"97884"
"97885"
"97886"
"97888"
"97890"
"97892"
"97894"
"97895"
"97896"
"97897"
"97898"
"97929"
"97930"
"97932"
"97933"
"97934"
"97935"
"97936"
"97937"
"97940"
"97942"
"97943"
"97945"
"97946"
"97947"
"97948"
"97977"
"97979"
"97980"
"97981"
"97982"
"97983"
"97986"
"97988"
"97989"
"97991"
"97992"
"97993"
"97994"
"98023"
"98025"
"98026"
"98027"
"98028"
"98029"
"98031"
"98032"
"98034"
"98035"
"98037"
"98038"
"98039"
"98040"
"98067"
"98068"
"98069"
"98070"
"98071"
"98072"
"98074"
"98075"
"98077"
"98078"
"98079"
"98081"
"98082"
"98113"
"98114"
"98115"
"98116"
"98117"
"98118"
"98120"
"98122"
"98123"
"98124"
"98125"
"98127"
"98128"
"98155"
"98156"
"98157"
"98158"
"98159"
"98160"
"98162"
"98163"
"98165"
"98166"
"98167"
"98168"
"98169"
"98170"
"98172"
"98197"
"98198"
"98199"
"98200"
"98201"
"98202"
"98203"
"98206"
"98208"
"98209"
"98210"
"98211"
"98212"
"98215"
"98239"
"98240"
"98241"
"98242"
"98243"
"98244"
"98245"
"98248"
"98250"
"98251"
"98252"
"98253"
"98254"
"98255"
"98278"
"98279"
"98280"
"98281"
"98282"
"98283"
"98284"
"98285"
"98286"
"98288"
"98290"
"98291"
"98292"
"98293"
"98294"
"98295"
"98314"
"98315"
"98316"
"98317"
"98318"
"98319"
"98320"
"98321"
"98322"
"98323"
"98324"
"98325"
"98326"
"98327"
"98328"
"98329"
"98330"
"98331"
"98348"
"98349"
"98350"
"98351"
"98352"
"98353"
"98354"
"98355"
"98358"
"98360"
"98361"
"98362"
"98363"
"98364"
"98365"
"98366"
"98379"
"98380"
"98381"
"98382"
"98383"
"98384"
"98385"
"98389"
"98392"
"98393"
"98394"
"98395"
"98396"
"98397"
"98398"
"98408"
"98409"
"98410"
"98411"
"98412"
"98413"
"98414"
"98416"
"98419"
"98420"
"98421"
"98422"
"98423"
"98424"
"98425"
"98426"
"98436"
"98437"
"98438"
"98439"
"98440"
"98441"
"98443"
"98446"
"98447"
"98448"
"98449"
"98450"
"98451"
"98452"
"98453"
"98454"
"98465"
"98466"
"98467"
"98468"
"98469"
"98470"
"98471"
"98474"
"98475"
"98477"
"98478"
"98479"
"98480"
"98481"
"98482"
"98483"
"98494"
"98495"
"98496"
"98497"
"98498"
"98499"
"98501"
"98503"
"98505"
"98506"
"98507"
"98508"
"98509"
"98510"
"98511"
"98512"
"98513"
"98514"
"98515"
"98526"
"98527"
"98528"
"98529"
"98530"
"98531"
"98532"
"98533"
"98534"
"98535"
"98538"
"98540"
"98541"
"98542"
"98543"
"98544"
"98545"
"98546"
"98547"
"98548"
"98549"
"98559"
"98560"
"98561"
"98562"
"98563"
"98564"
"98565"
"98566"
"98567"
"98568"
"98570"
"98573"
"98574"
"98575"
"98576"
"98577"
"98578"
"98579"
"98580"
"98581"
"98582"
"98583"
"98594"
"98595"
"98596"
"98597"
"98598"
"98599"
"98600"
"98601"
"98602"
"98603"
"98604"
"98606"
"98607"
"98608"
"98609"
"98610"
"98611"
"98612"
"98613"
"98614"
"98615"
"98616"
"98617"
"98618"
"98627"
"98628"
"98629"
"98630"
"98631"
"98632"
"98633"
"98634"
"98635"
"98636"
"98637"
"98640"
"98641"
"98642"
"98643"
"98644"
"98645"
"98646"
"98647"
"98648"
"98649"
"98650"
"98651"
"98652"
"98653"
"98654"
"98655"
"98667"
"98668"
"98669"
"98670"
"98671"
"98672"
"98673"
"98674"
"98675"
"98676"
"98677"
"98678"
"98679"
"98680"
"98681"
"98682"
"98683"
"98684"
"98685"
"98686"
"98687"
"98688"
"98689"
"98690"
"98691"
"98692"
"98693"
"98694"
"98708"
"98709"
"98710"
"98711"
"98712"
"98713"
"98714"
"98715"
"98716"
"98718"
"98719"
"98720"
"98721"
"98722"
"98723"
"98724"
"98725"
"98726"
"98727"
"98728"
"98729"
"98730"
"98731"
"98732"
"98733"
"98734"
"98735"
"98736"
"98737"
"98747"
"98748"
"98749"
"98750"
"98751"
"98752"
"98753"
"98754"
"98755"
"98756"
"98757"
"98758"
"98759"
"98760"
"98762"
"98763"
"98764"
"98767"
"98768"
"98769"
"98770"
"98771"
"98772"
"98773"
"98774"
"98775"
"98776"
"98790"
"98791"
"98792"
"98793"
"98794"
"98795"
"98796"
"98797"
"98798"
"98799"
"98800"
"98801"
"98802"
"98803"
"98804"
"98805"
"98806"
"98807"
"98808"
"98818"
"98819"
"98820"
"98821"
"98822"
"98823"
"98824"
"98825"
"98826"
"98827"
"98828"
"98829"
"98830"
"98831"
"98832"
"98833"
"98835"
"98836"
"98837"
"98838"
"98839"
"98840"
"98850"
"98851"
"98852"
"98853"
"98854"
"98855"
"98856"
"98857"
"98858"
"98859"
"98860"
"98861"
"98862"
"98863"
"98864"
"98865"
"98866"
"98867"
"98868"
"98869"
"98870"
"98881"
"98882"
"98883"
"98884"
"98885"
"98886"
"98887"
"98888"
"98889"
"98890"
"98895"
"98896"
"98897"
"98898"
"98899"
"98900"
"98901"
"98912"
"98913"
"98914"
"98915"
"98916"
"98917"
"98918"
"98919"
"98921"
"98922"
"98923"
"98924"
"98925"
"98926"
"98927"
"98938"
"98939"
"98940"
"98941"
"98942"
"98943"
"98944"
"98945"
"98946"
"98947"
"98950"
"98951"
"98960"
"98961"
"98962"
"98963"
"98964"
"98965"
"98966"
"98967"
"98968"
"98969"
"98970"
"98971"
"98974"
"98975"
"98986"
"98987"
"98988"
"98989"
"98990"
"98991"
"98992"
"98993"
"98994"
"98995"
"98996"
"98997"
"98998"
"98999"
"99000"
"99013"
"99014"
"99015"
"99016"
"99017"
"99018"
"99019"
"99020"
"99021"
"99022"
"99023"
"99024"
"99025"
"99027"
"99029"
"99030"
"99041"
"99042"
"99043"
"99044"
"99045"
"99046"
"99047"
"99048"
"99049"
"99050"
"99051"
"99052"
"99053"
"99054"
"99055"
"99057"
"99058"
"99059"
"99069"
"99070"
"99071"
"99072"
"99073"
"99074"
"99075"
"99076"
"99077"
"99078"
"99079"
"99080"
"99081"
"99082"
"99083"
"99084"
"99085"
"99086"
"99087"
"99088"
"99089"
"99100"
"99101"
"99102"
"99103"
"99104"
"99105"
"99106"
"99107"
"99108"
"99109"
"99110"
"99111"
"99112"
"99113"
"99114"
"99115"
"99116"
"99117"
"99118"
"99119"
"99120"
"99121"
"99132"
"99133"
"99134"
"99135"
"99136"
"99137"
"99138"
"99139"
"99140"
"99141"
"99142"
"99143"
"99144"
"99145"
"99146"
"99147"
"99148"
"99149"
"99151"
"99153"
"99154"
"99163"
"99164"
"99165"
"99166"
"99167"
"99168"
"99169"
"99170"
"99171"
"99172"
"99173"
"99174"
"99175"
"99176"
"99177"
"99183"
"99184"
"99185"
"99194"
"99195"
"99196"
"99197"
"99198"
"99199"
"99200"
"99201"
"99202"
"99203"
"99204"
"99205"
"99208"
"99210"
"99211"
"99212"
"99213"
"99218"
"99219"
"99220"
"99221"
"99222"
"99223"
"99224"
"99225"
"99226"
"99227"
"99228"
"99229"
"99230"
"99231"
"99234"
"99235"
"99236"
"99237"
"99242"
"99243"
"99244"
"99245"
"99246"
"99247"
"99248"
"99249"
"99250"
"99251"
"99252"
"99253"
"99254"
"99255"
"99256"
"99258"
"99259"
"99260"
"99261"
"99262"
"99269"
"99270"
"99272"
"99273"
"99274"
"99275"
"99276"
"99277"
"99278"
"99279"
"99280"
"99281"
"99282"
"99283"
"99284"
"99285"
"99286"
"99287"
"99288"
"99289"
"99298"
"99300"
"99301"
"99302"
"99303"
"99304"
"99305"
"99306"
"99307"
"99308"
"99309"
"99310"
"99311"
"99312"
"99313"
"99314"
"99315"
"99316"
"99317"
"99319"
"99320"
"99325"
"99326"
"99329"
"99330"
"99331"
"99332"
"99333"
"99334"
"99335"
"99336"
"99337"
"99338"
"99339"
"99340"
"99341"
"99342"
"99343"
"99345"
"99346"
"99347"
"99349"
"99350"
"99351"
"99357"
"99358"
"99359"
"99360"
"99361"
"99362"
"99363"
"99364"
"99365"
"99366"
"99367"
"99368"
"99369"
"99370"
"99371"
"99372"
"99373"
"99374"
"99375"
"99376"
"99377"
"99378"
"99379"
"99380"
"99381"
"99388"
"99389"
"99390"
"99391"
"99392"
"99393"
"99394"
"99395"
"99396"
"99397"
"99398"
"99399"
"99400"
"99401"
"99402"
"99403"
"99405"
"99407"
"99408"
"99409"
"99410"
"99411"
"99412"
"99413"
"99418"
"99419"
"99420"
"99421"
"99422"
"99423"
"99424"
"99425"
"99426"
"99427"
"99428"
"99429"
"99430"
"99431"
"99432"
"99433"
"99435"
"99436"
"99437"
"99438"
"99439"
"99440"
"99441"
"99447"
"99448"
"99449"
"99450"
"99451"
"99452"
"99453"
"99454"
"99455"
"99456"
"99457"
"99458"
"99459"
"99460"
"99461"
"99462"
"99464"
"99465"
"99466"
"99467"
"99468"
"99469"
"99470"
"99471"
"99477"
"99478"
"99479"
"99480"
"99481"
"99482"
"99483"
"99484"
"99485"
"99486"
"99487"
"99488"
"99489"
"99490"
"99491"
"99492"
"99495"
"99496"
"99497"
"99498"
"99500"
"99501"
"99502"
"99508"
"99509"
"99510"
"99511"
"99512"
"99513"
"99514"
"99515"
"99516"
"99517"
"99518"
"99519"
"99520"
"99521"
"99524"
"99525"
"99526"
"99527"
"99528"
"99529"
"99535"
"99536"
"99537"
"99538"
"99539"
"99540"
"99541"
"99542"
"99543"
"99544"
"99545"
"99546"
"99547"
"99548"
"99549"
"99550"
"99551"
"99552"
"99553"
"99554"
"99555"
"99561"
"99562"
"99563"
"99564"
"99565"
"99566"
"99567"
"99568"
"99569"
"99570"
"99571"
"99572"
"99573"
"99574"
"99575"
"99578"
"99579"
"99580"
"99581"
"99582"
"99583"
"99589"
"99590"
"99591"
"99594"
"99595"
"99596"
"99597"
"99598"
"99599"
"99600"
"99601"
"99602"
"99603"
"99604"
"99605"
"99607"
"99608"
"99609"
"99610"
"99618"
"99619"
"99620"
"99621"
"99622"
"99623"
"99624"
"99625"
"99626"
"99628"
"99629"
"99631"
"99632"
"99633"
"99634"
"99640"
"99641"
"99642"
"99643"
"99644"
"99645"
"99646"
"99647"
"99648"
"99650"
"99651"
"99652"
"99653"
"99654"
"99655"
"99663"
"99664"
"99665"
"99666"
"99667"
"99668"
"99669"
"99670"
"99672"
"99673"
"99674"
"99676"
"99677"
"99678"
"99679"
"99686"
"99687"
"99688"
"99689"
"99690"
"99691"
"99692"
"99693"
"99694"
"99695"
"99697"
"99698"
"99699"
"99700"
"99701"
"99706"
"99707"
"99708"
"99709"
"99714"
"99715"
"99716"
"99717"
"99721"
"99722"
"99723"
"99727"
"99728"
"99729"
"99734"
"99735"
"99736"
"99737"
"99738"
"99739"
"99740"
"99741"
"99746"
"99747"
"99748"
"99749"
"99751"
"99752"
"99753"
"99760"
"99761"
"99762"
"99763"
"99764"
"99765"
"99766"
"99767"
"99772"
"99774"
"99775"
"99776"
"99779"
"99780"
"99786"
"99787"
"99788"
"99791"
"99792"
"99797"
"99798"
"99799"
"99803"
"99804"
"99805"
"99810"
"99812"
"99813"
"99815"
"99816"
"99817"
"99821"
"99823"
"99826"
"99827"
"99828"
"99832"
"99833"
"99834"
"99837"
"99838"
"99843"
"99844"
"99845"
"99847"
"99848"
"99849"
"99856"
"99857"
"99858"
"99859"
"99860"
"99861"
"99866"
"99867"
"99868"
"99869"
"99871"
"99872"
"99873"
"99878"
"99879"
"99880"
"99882"
"99883"
"99888"
"99889"
"99890"
"99893"
"99894"
"99895"
"99901"
"99902"
"99903"
"99904"
"99906"
"99907"
"99912"
"99913"
"99914"
"99916"
"99917"
"99924"
"99925"
"99926"
"99928"
"99929"
"99930"
"99937"
"99938"
"99939"
"99942"
"99943"
"99954"
"99963"
